cafe_name,avg_review_sentiment_score
101스트릿노블레르점 강서구 염창동,0.9862123727798462
101커피컨테이너 서초구 양재2동,0.0641953349113464
10꼬르소꼬모카페 중구 소공동,0.7747916066646576
121호 성동구 왕십리도선동,0.9924967288970948
13포레스트 동작구 상도3동,0.7457830309867859
237플랫폼카페 성북구 정릉2동,0.8133304427970539
24시만화카페 관악구 신림동,0.5763835807641348
24시무인까페만월경서리풀점 서초구 방배3동,0.8190730732679367
24시무인셀프카페 양천구 목4동,0.992521107196808
24시무인카페만월경 강동구 길동,0.8251209855079651
24시무인카페만월경상계 노원구 상계2동,0.9871320128440856
24시무인카페만월경잠실레이크 송파구 삼전동,0.9940078854560852
502커피로스터스 금천구 가산동,0.899159163236618
83도씨 강동구 길동,0.7413195631720804
CGV대학로투썸커피 종로구 혜화동,0.6335052525997161
CJ푸드빌뚜레쥬르대학로 종로구 혜화동,0.7593173549455754
Cafelashower 성동구 성수2가3동,0.8946889638900757
by3퍼스트바이쓰리 서대문구 연희동,0.5984764695167542
가마쿠라도산점 강남구 압구정동,0.6716416066343135
가산그레이트 금천구 가산동,0.6014641404151917
가산커피벽산점 금천구 가산동,0.9
가케하시 서대문구 신촌동,0.5
가토베이글 광진구 구의1동,0.9869193434715272
강남주막다방 강남구 신사동,0.4302221834659576
개러지로스터 동작구 상도1동,0.8448451280593872
갤러리더스퀘어 용산구 용산2가동,0.9854301810264589
건대스타시티 광진구 자양3동,0.7882428002357483
건대후문 광진구 화양동,0.7132112616300583
겨울빙수 동대문구 제기동,0.7843391180038453
경성꽈배기 영등포구 신길6동,0.9758272171020508
고미제과 동작구 노량진1동,0.9901692867279052
고소운 동대문구 이문1동,0.765089983244737
고양이놀이터 중구 명동,0.9926132595539092
고종의뜰-굼터/더듀얼로스터즈 성북구 정릉4동,0.7460921108722687
고희 강동구 명일2동,0.7846679202715556
곤트란쉐리에 송파구 잠실본동,0.791151737152262
곤트란쉐리에내방점 서초구 방배4동,0.3535274267196655
골든피스이태원점 용산구 한남동,0.9070897805690764
곰탱이커피 동대문구 전농1동,0.9094105907848904
공간갑 중구 을지로동,0.7619427599906922
공감 양천구 신월1동,0.7944660365581512
공감뜨락 동대문구 청량리동,0.5083978950977326
공감마켓정카페 도봉구 창4동,0.9942783534526825
공드린 서대문구 연희동,0.9652927768230436
공음 은평구 불광1동,0.7520654071701898
공차 관악구 낙성대동,0.7763934689760208
공차 광진구 구의2동,0.5242121100425721
공차 마포구 상암동,0.637023385365804
공차 서대문구 신촌동,0.5814001369476318
공차SSG푸드마켓 강남구 도곡2동,0.9930002689361572
공차강변테크노마트 광진구 구의3동,0.9876745045185088
공차롯데백화점 동대문구 전농1동,0.0138873755931854
공차마리오점 금천구 가산동,0.9
공차먹골역점 중랑구 묵1동,0.98418527841568
공차이마트 용산구 한강로동,0.6531419873237609
공항앤드테라스 강서구 방화2동,0.009607195854187
과일에반하다;프루타 금천구 독산1동,0.9939530491828918
과일에반하다프루타 구로구 개봉2동,0.9939530491828918
과일의시작카페야미 강동구 천호3동,0.5
관악산커피 관악구 낙성대동,0.7469768226146698
관악서울대입구R 관악구 낙성대동,0.993247938156128
광장시장찹쌀꽈배기 종로구 종로1.2.3.4가동,0.6275811785459519
구드마리 강남구 압구정동,0.9839930737018584
구떼 서대문구 홍은2동,0.9919856190681458
구름정원커피집 은평구 불광2동,0.8453102068203252
구름커피 강남구 역삼1동,0.8938194572925567
구법원고로케노원역 노원구 상계2동,0.4889486908912658
구스베이커리 강남구 역삼1동,0.870822902406965
구스토 영등포구 여의동,0.7676775112748147
구테로이테 강남구 역삼1동,0.9
국립중앙의료원 중구 광희동,0.6805883897542954
굿니스클럽 용산구 용산2가동,0.9760525804758072
그대를위한커피 서대문구 신촌동,0.9836961627006532
그래스호퍼베이크샵&디자인 서초구 서초3동,0.99440336227417
그래커피 강남구 대치4동,0.7414149530728659
그레이스랜드 마포구 서교동,0.9
그로어스 서대문구 연희동,0.7315842502338942
그루브커피로스터스 노원구 공릉1동,0.8203518105745315
그리다커피 송파구 마천2동,0.8945725858211517
그린램프라이브러리 서초구 서초3동,0.9925737380981444
그린랩 성동구 성수1가2동,0.967258487145106
그린아일랜드 송파구 오금동,0.5960295937278054
그린앤피니 서대문구 홍제1동,0.8659364422162373
그림 강동구 명일2동,0.7666666666666666
그릿커피랩 관악구 신림동,0.7895020114050971
글리터 성동구 성수2가1동,0.6341778721128192
금옥당 서초구 서초3동,0.7393379586083549
길거리봉봉커피 중랑구 상봉1동,0.9821984767913818
김병진과자점 광진구 구의2동,0.8110922606552349
김종욱커피 성동구 성수1가2동,0.7726169962882996
까사다루아 성동구 성수1가1동,0.8374218609597948
꼬마1 강남구 청담동,0.790160224230393
꼬모윤 강남구 압구정동,0.7458583533763885
꼬모케이크 영등포구 영등포동,0.4168847680091858
꼬집당베이커리 양천구 목3동,0.9712368845939636
꽃담청 송파구 문정2동,0.009473443031311
꽃빙 광진구 구의3동,0.4877615869045257
꽃이피움 종로구 종로1.2.3.4가동,0.7879806809425354
꽃피앙 노원구 공릉1동,0.6308944503466288
꽈백최선생 강북구 수유3동,0.7465486377477646
꿈꾸는친구들협동조합 은평구 갈현2동,0.9280422019958496
꿈꾸는커피 종로구 종로5.6가동,0.9944283962249756
나드카페 강북구 수유1동,0.755559413773673
나띵벗커피 서대문구 신촌동,0.5085178812344869
나무아래커피작업실 마포구 염리동,0.992056965827942
나우누크커피 중랑구 망우본동,0.9926831126213074
나우커피서울 도봉구 방학2동,0.7234852910041809
나우커피서울시 양천구 목2동,0.9913684725761414
나우커피수락리버시티점 노원구 상계1동,0.74
나우커피신촌 서대문구 북아현동,0.9866213798522948
나이스카페인클럽 구로구 구로3동,0.9873549044132232
나이스카페인클럽구로디지털단지 구로구 구로3동,0.9873549044132232
나폴레옹과자점 광진구 자양3동,0.98833562930425
나하무 종로구 사직동,0.7572978734970093
낙원장 종로구 종로1.2.3.4가동,0.841972328001453
날쌘카페 노원구 상계5동,0.993858277797699
남자;커피를말하다.byKRoasters 구로구 구로3동,0.8916134238243103
네스토 영등포구 당산1동,0.7195518016815186
네오베이커리 동작구 사당1동,0.9778543452421824
노먼데이 은평구 응암3동,0.9936715364456176
노벨티 은평구 진관동,0.8113040636567509
노블레스스크린 노원구 상계6.7동,0.8389718174934387
노우즈 종로구 종로1.2.3.4가동,0.8702204823493958
노워리즈 성동구 용답동,0.9947734475135804
논탄토 양천구 목1동,0.9911630153656006
놀면뭐하개 금천구 독산3동,0.9
놀숲 동대문구 회기동,0.6828182581593009
놀숲연신내 은평구 갈현1동,0.9947043061256408
누아주베이커리 강남구 압구정동,0.8011349674065908
눅스커피 강동구 둔촌2동,0.988925039768219
눅커피바 송파구 방이2동,0.7156686663627625
뉴델리베이커리 강동구 암사1동,0.9863067269325256
뉴타입그루브 동작구 사당3동,0.8518012966428484
니드스윗 송파구 송파1동,0.9830469489097596
다니케이크 광진구 중곡1동,0.9841215550899506
다락방이야기 서대문구 홍은2동,0.9011178731918336
다락빵 영등포구 당산2동,0.8223375618457794
다선 서초구 반포4동,0.6339412212371826
다아는커피 성북구 석관동,0.8037832108594604
다온카페 서대문구 홍제3동,0.9622023979822796
다이아빈 마포구 상암동,0.7271060585975647
단조 중랑구 면목2동,0.9929219484329224
달과수제청 중랑구 면목4동,0.9946120977401732
달다곰이행당 성동구 행당2동,0.0200291872024536
달리는커피 금천구 가산동,0.2574250698089599
달리는커피독산 금천구 독산1동,0.2574250698089599
달리는커피상도점 동작구 상도4동,0.9887451231479644
달보드레수제공방 도봉구 방학3동,0.9945631623268129
달복디저트 송파구 장지동,0.9944188594818116
달카페 동대문구 신설동,0.7
달카페 서대문구 남가좌2동,0.8960581064224243
달콤제빵소 동대문구 청량리동,0.7589781244595845
달콤한인생 강남구 역삼1동,0.8054407318433126
달콤한카페 성동구 마장동,0.952260438601176
달콩커피 동작구 상도1동,0.6251340880990028
달퐁 강서구 방화1동,0.9467310428619384
당산대로 영등포구 당산2동,0.639187890291214
대니스수퍼마켓 성동구 성수2가3동,0.7128484039471068
대우산업개발 영등포구 여의동,0.5
대치동제빵소베이커리까페 강남구 대치4동,0.9877575755119324
대학생성경읽기선교회남산센타다눔지점 중구 장충동,0.6643516023953756
대한불교조계종봉은사서래원 강남구 삼성1동,0.6838789463043213
대한헬로우핸즈주 동작구 대방동,0.5
댕로커피 종로구 혜화동,0.7913799226284027
더감자 광진구 구의3동,0.9930803179740906
더그린 중랑구 신내1동,0.5410715937614441
더라운지커피클럽 성북구 정릉3동,0.8306869324445725
더바른차담소 중랑구 면목4동,0.8319374315878925
더베리와플 성북구 안암동,0.6703593602547279
더벤티 강서구 공항동,0.9885438084602356
더벤티 구로구 개봉2동,0.990398367245992
더벤티 동작구 흑석동,0.0055930614471435
더벤티구로대륭포스트8차점 구로구 구로3동,0.5
더벤티신림녹두점 관악구 대학동,0.9860795140266418
더벤티올림픽공원역점 송파구 오륜동,0.3976998726526896
더벤티을지로6가점 중구 광희동,0.5989593576301228
더벤티회기 동대문구 휘경1동,0.4523857355117798
더부르다 은평구 갈현1동,0.8750697697911943
더브래드팬트리 마포구 상암동,0.8468702915596635
더블랙탑커피 용산구 한강로동,0.9939996004104614
더블버터 강동구 길동,0.5
더블유에이비 용산구 한강로동,0.991966950893402
더블즈 도봉구 쌍문1동,0.7182983246942362
더스키앤드커피 종로구 이화동,0.670031249748086
더쌍화커피 마포구 공덕동,0.7930641829967499
더쟁이 송파구 잠실3동,0.9940840601921082
더치앤빈구로디지털단지역지점 구로구 구로3동,0.6327397942543029
더카페 금천구 가산동,0.5420638605952263
더카페가산이노플렉스점 금천구 가산동,0.9851561784744264
더카페독산역1번 금천구 독산1동,0.9728736400604248
더커피마켓13 성동구 금호2.3가동,0.6754275361696879
더파이홀 관악구 낙성대동,0.988306075334549
더플롯커피 동작구 신대방2동,0.7035740869385856
던킨도너츠 노원구 상계6.7동,0.6736336886882782
던킨도너츠삼성GEC점 강동구 상일2동,0.5
던킨도너츠암사역점 강동구 암사2동,0.5547280641489251
던킨도너츠영등포역사점 영등포구 영등포본동,0.6739296726205132
던킨도너츠응암역점 은평구 응암1동,0.7167789885553263
던킨용산 용산구 한강로동,0.0082413554191589
데이롱카페강북 강북구 송중동,0.4835186511278152
데이즈앤데이즈 관악구 조원동,0.6582612803284551
데인티 성북구 장위1동,0.9
델꾸와식빵 양천구 신월2동,0.7263668855031331
델리셔스 중랑구 중화2동,0.5064882040023804
도깨비고로케 노원구 중계본동,0.9176800906658172
도너츠윤 강남구 압구정동,0.9801747504487096
도노커피배롱나무카페 중구 명동,0.8320155104001363
도베르 강북구 수유3동,0.7471203953027725
도본 도봉구 쌍문3동,0.9827051719029744
도봉산만남의광장 도봉구 도봉1동,0.6954417494436105
도산제과 금천구 독산1동,0.993412458896637
도스팩토리 성동구 성수2가3동,0.6301344335079193
도우앤제빵소 구로구 구로3동,0.1459646821022033
도우터 광진구 화양동,0.9514824253320694
도코로 용산구 이태원1동,0.7559635068431044
도프커피 마포구 상암동,0.9679211974143982
독산역카페 금천구 가산동,0.8002405121922493
독수리다방 서대문구 신촌동,0.8296985399723052
동네커피 종로구 가회동,0.8525585709196148
동백양과점 종로구 종로1.2.3.4가동,0.508509486913681
동아 강동구 천호2동,0.9
두구두구 양천구 목2동,0.8105787747784664
두그루커피 서초구 양재2동,0.6745024472475052
두더커피 금천구 독산1동,0.7574254670313427
두림콩숲 강서구 방화2동,0.8131403962771099
두모망 마포구 합정동,0.6382025241851806
두바이커피 도봉구 창4동,0.7922323842346668
둡커피바 마포구 대흥동,0.8861262798309326
드쉼 동대문구 제기동,0.973744969367981
디디디알보틀캔커피 중랑구 면목4동,0.9938884377479552
디저트39 강서구 등촌2동,0.7133128448230465
디저트39 서대문구 천연동,0.6423612634340922
디저트39 양천구 목1동,0.9821167588233948
디저트39 양천구 신월6동,0.1962972283363342
디저트39개봉 구로구 개봉1동,0.7214998066425323
디저트문 관악구 남현동,0.4349611461162567
디저트얌 도봉구 방학1동,0.9110708236694336
디저트프룻 관악구 신림동,0.7233463585376739
디졸브 성북구 석관동,0.6218879777651567
디케이올 서초구 방배2동,0.6969688296318054
딥스츄 동대문구 회기동,0.9945253133773804
따뜻한식빵 동대문구 장안1동,0.99403315782547
따우전드 성동구 성수2가3동,0.8260652996026553
땡스 동작구 사당1동,0.00629323720932
떡가게종춘익선 종로구 종로1.2.3.4가동,0.7408140726578542
떡그리다 양천구 목1동,0.6315942671298981
떼루아 강북구 송중동,0.6889763474464417
뚜레쥬르 강서구 방화3동,0.0213029384613037
뚜레쥬르 동대문구 장안2동,0.760508777918639
뚜레쥬르가재울점 서대문구 남가좌1동,0.6406004833138507
뚜레쥬르남부농협점 관악구 조원동,0.930859515883706
뚜레쥬르녹번역점 은평구 응암1동,0.7313910722732544
뚜레쥬르도봉 도봉구 방학1동,0.7325877475738525
뚜레쥬르도봉한신점 도봉구 도봉2동,0.1
뚜레쥬르시카고 서대문구 남가좌2동,0.6406004833138507
뚜레쥬르신도림역점 구로구 신도림동,0.7435527428336764
뚜레쥬르신림 관악구 신림동,0.701245895949277
뚜레쥬르아현역점 서대문구 북아현동,0.8094954693317413
뚜레쥬르연신내GTX점 은평구 갈현2동,0.7068789538215188
뚜레쥬르영등포도림점 영등포구 도림동,0.8212633596999305
뚜레쥬르우이점 강북구 우이동,0.7265502158333274
뚜레쥬르창동대우점 도봉구 창2동,0.9943860769271852
뚜레쥬르창동동아점 도봉구 창4동,0.7697482025181805
뚜레쥬르카페 광진구 화양동,0.7475686327831166
뚜레쥬르카페강동역점 강동구 천호3동,0.7468529045581818
뚜레쥬르카페목동승희점 양천구 신정6동,0.3043942530949911
뚜레쥬르행당 성동구 행당1동,0.6620351021630424
뚜스뚜스홈플러스강서점 강서구 등촌1동,0.7241911929387312
뚱스필드 성동구 성수2가3동,0.9931765139102936
띠아모 종로구 종로5.6가동,0.7983658277071439
라그랑우스 광진구 자양1동,0.814691036428724
라너스커피 서초구 방배2동,0.7986205577850342
라디오데이즈 종로구 이화동,0.8175354441006979
라떼킹 성동구 성수1가2동,0.9481189734226948
라떼홀 동대문구 답십리1동,0.912460207939148
라바트리서울숲 성동구 성수1가2동,0.781168418271201
라보아르 마포구 연남동,0.9940496385097504
라쁘띠메종 용산구 한강로동,0.6630726983672695
라오제대만대왕카스테라 강서구 방화2동,0.687098899613256
라운지1971 용산구 한강로동,0.2653002589941025
라임과자점 은평구 불광1동,0.7638159518241882
란성엔제리너스커피롯데영등포역사점 영등포구 영등포본동,0.5697677044641404
랑구푸드 구로구 오류1동,0.7964814484119416
랑데자뷰NC 구로구 구로5동,0.6972226738929749
랑데자뷰왕십리역점 성동구 행당1동,0.0044731497764587
래피소드커피 중구 소공동,0.950442224740982
랠리쉬커피 성북구 동선동,0.9373041987419128
랩트 서대문구 연희동,0.8250697084835598
랭스영카페앤펍 강남구 역삼1동,0.8846352076530457
러슬 광진구 구의2동,0.8703091401320237
러츠커피숍 성북구 길음2동,0.2524695694446563
런치백 동대문구 신설동,0.7976401746273041
레드콜리 관악구 중앙동,0.6515469563007354
레브두 송파구 송파1동,0.7888671934604645
레비티커스커피 강남구 신사동,0.9310626444063688
레이더 성동구 성수2가3동,0.7260442862385198
레이브릭스 강남구 신사동,0.6610723471641541
레이어비 마포구 성산2동,0.8145615649223327
레종데트르 용산구 한남동,0.9723700536621942
로그 구로구 구로3동,0.8733663188783746
로로옴 도봉구 도봉2동,0.802138492640327
로모커피 은평구 응암3동,0.5
로브스 동대문구 전농1동,0.9834662079811096
로스팅데이 구로구 신도림동,0.6644439339637757
로아코커피 마포구 공덕동,0.9946320056915284
로얄마카롱 강남구 역삼1동,0.8253510344773531
로이즈커피 서초구 양재2동,0.5953380346298218
로진 동작구 상도3동,0.3
로칼커피 용산구 남영동,0.9827984266810948
로커피 양천구 신월1동,0.797849322689904
로프커피 광진구 군자동,0.8009452109066945
롤링빈스 서초구 방배4동,0.962332977851232
롤링핀 광진구 구의2동,0.0478578507900238
롤앤번베이커리 성동구 성수1가1동,0.9922472337881724
롱맥 도봉구 도봉2동,0.9267660975456238
루다커피 강남구 논현2동,0.7211772561073303
루바토 관악구 중앙동,0.9945545196533204
루브레드 강서구 등촌1동,0.7033254144447191
루비의정원 서대문구 홍제3동,0.9938998222351074
루이제빵소 양천구 신월5동,0.9
루치펠 마포구 연남동,0.5953118726611137
루틴 강동구 암사1동,0.8898021399974823
르미르미 성동구 왕십리2동,0.9938402771949768
르빵드파파 마포구 연남동,0.683042910805455
르아브르 성북구 정릉4동,0.7283844351768494
리드브레드석계역점 노원구 월계3동,0.959372627735138
리본레시피베이커리 도봉구 방학1동,0.5339437375068665
리셋커피아일랜드 광진구 자양4동,0.8683024048805237
리슨케이크 성동구 성수2가3동,0.1
리얼빈스 노원구 상계1동,0.7266091857637678
리에또 강동구 암사1동,0.9933748543262482
리오네커피 중구 을지로동,0.942807043707648
리지트커피 용산구 이태원1동,0.8457857500423085
리츠빈 강서구 발산1동,0.7179389730095863
리토베이커리 금천구 시흥1동,0.9927782416343688
리트커피 광진구 광장동,0.887131453514099
리틀주니어도넛 송파구 잠실본동,0.8709063231945038
리퍼블릭 강남구 압구정동,0.9831383228302002
릴리라이크 도봉구 도봉2동,0.9927890598773956
림스커피강동 강동구 천호3동,0.5
마녹MANOK 종로구 가회동,0.9698666632175446
마니달오어린이대공원역점 광진구 군자동,0.9943243265151978
마당커피 동작구 상도4동,0.9889206647872923
마드레빵집 양천구 목3동,0.6937154710292817
마들카페 노원구 상계9동,0.3728812634944916
마를리 성동구 성수2가3동,0.7357209253311158
마린커피 광진구 광장동,0.798323415858405
마마브레드 중랑구 상봉2동,0.9819017052650452
마션 중랑구 신내1동,0.9918586611747742
마시뚜 성북구 동선동,0.9916627407073976
마실다실더플라워 양천구 신정7동,0.0283366441726684
마우나커피 영등포구 신길7동,0.7222301296889782
마우시 용산구 용산2가동,0.9622045718893713
마음의정원 은평구 진관동,0.7860441315741766
마이브라더스 노원구 공릉2동,0.5714647429330009
마이유 영등포구 신길1동,0.7857179963588715
마이페이보릿띵스 구로구 항동,0.5403023382027944
마자리스 종로구 이화동,0.7856237122747634
마켓Y 용산구 이태원1동,0.0273154973983764
만나호두과자 서대문구 홍제3동,0.6799019302640642
만랩커피 서초구 서초1동,0.9031781286001206
만랩커피 은평구 응암2동,0.9518793157168798
만월경 도봉구 방학2동,0.9877387285232544
만쥬랑 강남구 대치4동,0.9943769574165344
만화카페토라비 관악구 은천동,0.8278108460562569
말랑 금천구 시흥4동,0.9526545484860738
매머드익스프레스 금천구 시흥2동,0.7746891847363224
매머드익스프레스가산SJ테크노빌점 금천구 가산동,0.9
매머드익스프레스가산더스카이밸리1차점 금천구 가산동,0.9
매머드익스프레스가산반도아이비밸리점 금천구 가산동,0.9433116316795348
매머드익스프레스관악센츄리 관악구 청룡동,0.95142924785614
매머드익스프레스등촌역점 양천구 목3동,0.7984727263450623
매머드익스프레스삼육대바울관점 노원구 공릉2동,0.8109573493003844
매머드익스프레스상계역점 노원구 중계4동,0.7457498387286537
매머드익스프레스상일동리엔파크점 강동구 상일2동,0.9938111901283264
매머드익스프레스성북 성북구 삼선동,0.0166959464550018
매머드익스프레스수락산역점 노원구 상계1동,0.7052856683731079
매머드익스프레스신 용산구 한강로동,0.7964623868465424
매머드익스프레스신림대학점 관악구 대학동,0.9
매머드익스프레스에이스타워 강서구 가양1동,0.9908724725246428
매머드익스프레스여의도라이프점 영등포구 여의동,0.0180035829544067
매머드익스프레스여의도아이에프씨몰점 영등포구 여의동,0.9801161289215088
매머드익스프레스용산아스테리움점 용산구 한강로동,0.4558020659855434
매머드익스프레스우림 중랑구 망우본동,0.7241618692874908
매머드익스프레스은평 은평구 녹번동,0.9911898374557496
매머드익스프레스자곡동점 강남구 세곡동,0.30029296875
매머드익스프레스잔카드림 금천구 가산동,0.9350800514221193
매머드익스프레스잠실엘스점 송파구 잠실2동,0.994223415851593
매머드익스프레스전농뉴타운점 동대문구 전농1동,0.9758210778236388
매머드익스프레스종로 종로구 종로1.2.3.4가동,0.9939514398574828
매머드익스프레스홍대 마포구 서교동,0.9761930108070374
매머드익스프레스홍대경의선숲길점 마포구 서교동,0.6902926429458287
매머드익스프레스효창공원앞역점 용산구 효창동,0.9925888776779176
매머드커피상암이안점 마포구 상암동,0.769065773487091
매일그개와 양천구 신정4동,0.9910976886749268
맥코이한남 용산구 한남동,0.6798667506167763
맨스필드커피 성동구 사근동,0.7744482077085054
머씨커피 마포구 서교동,0.776398332118988
먼셀커피 성북구 길음2동,0.956394908428192
멀티커피 서초구 방배1동,0.9937321305274964
메가엠지씨커피 강남구 역삼1동,0.7431443929672241
메가엠지씨커피 관악구 조원동,0.9
메가엠지씨커피 광진구 구의1동,0.8243813594182332
메가엠지씨커피 도봉구 방학3동,0.9
메가엠지씨커피 도봉구 쌍문1동,0.9
메가엠지씨커피 동작구 사당5동,0.9452637553215026
메가엠지씨커피 성동구 성수2가3동,0.8926161289215088
메가엠지씨커피 중구 약수동,0.5286965617766748
메가엠지씨커피가산아스크 금천구 가산동,0.9928340911865234
메가엠지씨커피강남 서초구 서초4동,0.6487334569295248
메가엠지씨커피개봉 구로구 개봉3동,0.6169832289218903
메가엠지씨커피공릉 노원구 공릉2동,0.7955491423606873
메가엠지씨커피광진군자로점 광진구 군자동,0.9940694868564606
메가엠지씨커피구로 구로구 수궁동,0.599461829662323
메가엠지씨커피구로깔깔 구로구 구로3동,0.9615694562594096
메가엠지씨커피구일역점 구로구 구로1동,0.6006599873304367
메가엠지씨커피길동역점 강동구 길동,0.5980463797046293
메가엠지씨커피길음 성북구 길음2동,0.6751749962568283
메가엠지씨커피난곡신사 관악구 신사동,0.9
메가엠지씨커피남구로역점 구로구 가리봉동,0.72126225233078
메가엠지씨커피노량진점 동작구 노량진1동,0.0064846674601236
메가엠지씨커피노원 노원구 상계2동,0.0054728388786315
메가엠지씨커피녹번점 은평구 녹번동,0.7404498100280762
메가엠지씨커피논현역점 서초구 반포1동,0.5448021650314331
메가엠지씨커피답십리1동점 동대문구 답십리1동,0.9
메가엠지씨커피대림썬 영등포구 대림1동,0.901094764471054
메가엠지씨커피도봉역점 도봉구 도봉1동,0.6606740951538086
메가엠지씨커피돌곶이역점 성북구 석관동,0.993563950061798
메가엠지씨커피동부 중랑구 면목2동,0.799881933927536
메가엠지씨커피등촌역점 양천구 목3동,0.2986944913864136
메가엠지씨커피마곡엠밸리7단지점 강서구 방화1동,0.993621289730072
메가엠지씨커피마곡역점 강서구 발산1동,0.0046716928482055
메가엠지씨커피마포아트 마포구 대흥동,0.8255722125371298
메가엠지씨커피망우 중랑구 망우본동,0.9739025235176086
메가엠지씨커피미아 강북구 송중동,0.6549365329742431
메가엠지씨커피상계수락점 노원구 상계1동,0.0059039791425069
메가엠지씨커피서울 종로구 부암동,0.982363224029541
메가엠지씨커피서울공덕초교점 마포구 공덕동,0.5721618294715881
메가엠지씨커피서원역점 관악구 서원동,0.3617086211840312
메가엠지씨커피수서역점 강남구 수서동,0.9898234009742736
메가엠지씨커피숭실대입구역점 동작구 상도1동,0.6654722690582275
메가엠지씨커피신내시티프라디움점 중랑구 망우본동,0.9739025235176086
메가엠지씨커피신촌 서대문구 신촌동,0.3020835638046265
메가엠지씨커피쌍문세라믹점 도봉구 쌍문2동,0.718497132960661
메가엠지씨커피아현역점 서대문구 북아현동,0.0069444775581359
메가엠지씨커피양원지구점 중랑구 망우본동,0.678144277396955
메가엠지씨커피양평한신점 영등포구 양평2동,0.8362037340799967
메가엠지씨커피여의도현대마에스트로점 영등포구 여의동,0.6492972016334534
메가엠지씨커피역말 은평구 역촌동,0.4657768571376801
메가엠지씨커피염 강서구 염창동,0.9
메가엠지씨커피오목교 양천구 목1동,0.3601616621017456
메가엠지씨커피우림 중랑구 망우본동,0.9739025235176086
메가엠지씨커피은평구청 은평구 응암1동,0.8238306961561503
메가엠지씨커피이마트 은평구 응암1동,0.9501967132091522
메가엠지씨커피이마트에브리데이 노원구 중계본동,0.0054728388786315
메가엠지씨커피이마트에브리데이도봉점 도봉구 도봉2동,0.6480927904446919
메가엠지씨커피전농동 동대문구 전농1동,0.7933863973617553
메가엠지씨커피점 강남구 역삼1동,0.7463090121746063
메가엠지씨커피종로낙원점 종로구 종로1.2.3.4가동,0.4070549553090876
메가엠지씨커피중랑 중랑구 신내1동,0.7464392483234406
메가엠지씨커피창동 도봉구 창2동,0.9
메가엠지씨커피청구역점 중구 청구동,0.7224698573350906
메가엠지씨커피청량리역한양수자인점 동대문구 용두동,0.7469607591629028
메가엠지씨커피휘경여고점 동대문구 휘경2동,0.9735372066497804
메가커피신곡 양천구 신월4동,0.6344028592109681
메리메이 금천구 시흥4동,0.963318645954132
메머드익스프레스삼성도심 강남구 삼성1동,0.9
메이에르케이크 성동구 왕십리2동,0.9639780074357986
메종그리즈 노원구 공릉2동,0.8092679230790388
메종꼬꼬 강남구 청담동,0.9911482930183412
메종드팡과자점 영등포구 당산1동,0.9938253343105315
메종드프레지에 광진구 구의3동,0.8409947698766534
멜로디제과 도봉구 쌍문2동,0.7182983246942362
멜로우커피랩 관악구 중앙동,0.6027129352092743
멜로위크 동대문구 장안1동,0.9943920969963074
멜트커피 강남구 삼성1동,0.992612674832344
면목다방 중랑구 면목본동,0.6198352932929992
명금탕 은평구 진관동,0.8410382681771328
명동나비 중구 명동,0.7679387202858925
명랑시대쌀핫도그 은평구 갈현1동,0.6605138778686523
명랑핫도그 강북구 수유3동,0.6973418754689833
명랑핫도그 노원구 상계6.7동,0.6579024473826091
명랑핫도그 성동구 사근동,0.7375359035268122
명랑핫도그자양3동점 광진구 자양3동,0.8636492931617882
명일동고덕역카페수요일 강동구 명일2동,0.833325252532959
모노에스프레소 서대문구 충현동,0.634442471464475
모닝캄컴퍼니 영등포구 당산2동,0.8015964599365883
모리냥과자점 관악구 조원동,0.4531169056892395
모리커피서울 성북구 동선동,0.8548233687877655
모모양과 성북구 월곡2동,0.6502567013104756
모벰버 강남구 역삼1동,0.7409528823999257
모에잇 용산구 이태원2동,0.9937981367111206
모이젠 중랑구 묵2동,0.745673805475235
목동커피 양천구 신정4동,0.5523846387863159
몰리스 서대문구 신촌동,0.8523530503598655
못난이꽈배기 중구 명동,0.9
못난이꽈배기 중구 황학동,0.0114076137542724
무궁화로스터즈 도봉구 창1동,0.6579322417577108
무림만화카페 종로구 종로1.2.3.4가동,0.7352807038921422
무슈카페 송파구 마천1동,0.8270778656005859
무인커피숍 영등포구 대림1동,0.8148166567087174
문보우이엔티 마포구 서교동,0.8555555555555556
문커피 동작구 상도1동,0.742473227244157
문팡 구로구 개봉1동,0.9373475933074952
문화공간작은집 중구 다산동,0.0093706250190734
문화일보 중구 소공동,0.7818383229406256
뮈에 성북구 장위1동,0.7562381031513215
뮤레르카페 강서구 가양1동,0.651265587256505
미뉴엣 동대문구 휘경1동,0.6689129670461019
미미씨 양천구 목1동,0.7685042824063982
미미제빵소 성북구 길음2동,0.993503749370575
미쁘다 동작구 대방동,0.8203282679830278
미세스베이커 노원구 상계5동,0.8930864989757538
미셸푸드카페안젤로은평성모1F점 은평구 진관동,0.66563614209493
미소빵집 노원구 상계2동,0.8930864989757538
미스터힐링노량진점 동작구 노량진1동,0.6264855762322744
미제 은평구 역촌동,0.7969481401443481
민지 광진구 구의1동,0.9938276410102844
민카페 송파구 문정2동,0.644636298928942
민트네카페 양천구 신월1동,0.4976463559695652
밀14길 은평구 응암3동,0.7926467418670654
밀도메인 용산구 한강로동,0.8789928922286401
밀로베이커리 중랑구 신내1동,0.8878195703029632
밀밭제빵소서초 서초구 서초3동,0.7815710484981537
밀크빌리지 마포구 염리동,0.9943259358406068
밀토니아miltonia 마포구 합정동,0.9048536089750436
바꿈카페도봉장애인종합복지관 도봉구 도봉2동,0.9844319224357604
바나프레소 강동구 천호2동,0.4925526618957519
바나프레소 동작구 흑석동,0.2658342208181108
바나프레소 서초구 방배2동,0.636254877277783
바나프레소 서초구 양재1동,0.7078846752643585
바나프레소가산파트너스 금천구 가산동,0.0127134919166564
바나프레소구로지 구로구 구로3동,0.9695966154336928
바나프레소신촌역점 서대문구 신촌동,0.2535028755664825
바라프레소종각센트로폴리스점 종로구 종로1.2.3.4가동,0.9421161532402038
바른디저트 강동구 성내3동,0.993432879447937
바리스타희 영등포구 여의동,0.947753377755483
바리스텔라당고개역점 노원구 상계3.4동,0.993429869413376
바이러닉랩 영등포구 당산1동,0.7404090404510498
바이레인 광진구 중곡3동,0.7057780516453278
바이웨이 동대문구 전농1동,0.9916325779188246
바캉스커피 중구 명동,0.7721570825576782
바타커피 강서구 가양1동,0.797352397441864
반지만들기 마포구 서교동,0.9940347340371872
발아커피 동작구 사당1동,0.9524042472243308
방배노인종합복지관늘봄카페 서초구 방배3동,0.7963189102452377
배고픈형제들 강남구 수서동,0.5210100889205933
배배커피 노원구 공릉2동,0.700818601676396
배배커피 노원구 상계2동,0.700818601676396
배오개 종로구 이화동,0.983601791328854
배재란의커피클래스 용산구 한남동,0.7317867175642266
백억커피 서초구 방배1동,0.8634555578231812
백억커피 영등포구 신길3동,0.8148166567087174
백억커피 종로구 이화동,0.7156686902046203
백억커피노량진역점 동작구 노량진2동,0.5381913304328918
백억커피사가정역점 중랑구 면목7동,0.5005829632282257
백억커피시흥 금천구 시흥1동,0.7
백억커피신대방 동작구 상도4동,0.3372778296470642
백억커피이수역점 동작구 사당2동,0.0064799189567565
백조다방 양천구 신정2동,0.994668424129486
뱀부그로브커피 영등포구 영등포동,0.9915581047534944
버지니아 서초구 서초4동,0.8238904545704524
범피 용산구 남영동,0.993047833442688
벙커616 강남구 역삼1동,0.9220882453024388
베니케이크 마포구 서교동,0.99427563726902
베르베르 강남구 논현2동,0.9938985854387284
베리스베어 광진구 중곡1동,0.4620534598827362
베스코 노원구 상계10동,0.7547303206270392
베이글링하우스 서대문구 연희동,0.9925390630960464
베이커리몽크108 도봉구 창1동,0.6943207681179047
베이커리솔티드 강서구 염창동,0.9928336143493652
베이커리이씨네빵집 강북구 수유1동,0.9916827023029328
베이커리코너 관악구 청룡동,0.7568006217479706
베이커리휴고 강동구 명일2동,0.617454977830251
베이커스코드 용산구 한남동,0.9050182382265726
베이크썸띵 금천구 독산1동,0.8351634287834168
베티케이크 마포구 상암동,0.004581332206726
벤첸트 동대문구 회기동,0.9517135302225748
벨구스토 금천구 독산1동,0.6977590955220736
보드게임카페홈즈앤루팡 관악구 남현동,0.4993129074573517
보드레 은평구 진관동,0.7320098446475135
보라매공원R 동작구 신대방2동,0.9877676367759703
보스톤 성북구 성북동,0.9934325218200684
보은수산 송파구 가락1동,0.7052777276039123
보카도버터 성동구 성수2가3동,0.937663476843583
보통공원 마포구 망원2동,0.5884362367483286
보통의 종로구 이화동,0.7839547944068909
보헤미안커피하우스 성북구 안암동,0.8046878054738045
보호베이커리 은평구 불광2동,0.0576843619346618
복호두 구로구 구로3동,0.9891782939434052
복호두강동 강동구 성내1동,0.9892205198605856
복호두은평 은평구 역촌동,0.9
본노엘 성동구 성수1가2동,0.7598415001630784
본커피 중구 회현동,0.8349770529946284
볼리커피TV조선가산센터 금천구 가산동,0.7786231458187103
봄보리 노원구 상계6.7동,0.9522961303591728
봉맨션 서대문구 홍은2동,0.994252383708954
봉화산커피 중랑구 신내2동,0.710687721859325
부에노63 영등포구 여의동,0.623252272605896
부자도넛 서대문구 충현동,0.6652384996414185
북앤브루1012 송파구 잠실7동,0.5982193559408188
북촌유기농밀명인단팥빵 종로구 가회동,0.4234309013073261
불라여행카페 종로구 종로1.2.3.4가동,0.7632364352544149
브라우니 은평구 신사1동,0.9926395416259766
브라운비 서대문구 홍제3동,0.9908591628074646
브라운필 중구 을지로동,0.7465078949928283
브라운핸즈창비 마포구 서교동,0.8006295041034096
브레댄코내방주 서초구 방배4동,0.737884000937144
브레드05 영등포구 신길7동,0.653875911072509
브레드82 은평구 역촌동,0.9460836470127104
브레드디 중구 동화동,0.9929524660110474
브레드서랭 강동구 성내1동,0.9903661906719208
브레드팩토리빵야 광진구 자양2동,0.9925339818000792
브론즈레인 서대문구 충현동,0.3701598644256592
브루앤베리 중구 장충동,0.7930089235305786
브루잉세레모니 성동구 성수2가3동,0.8021593917608262
브루클린커피 구로구 고척2동,0.4997161775827408
브루클린커피랩 금천구 가산동,0.9624863147735596
브리오슈도레종로 종로구 종로1.2.3.4가동,0.5860619399282667
브릭샌드성수팩토리 성동구 성수2가3동,0.991128146648407
블랑슈가 도봉구 쌍문2동,0.977255403995514
블랑제리르팡 서초구 방배2동,0.9886026382446288
블랙포션 강남구 신사동,0.9881155490875244
블루포트순천향대 용산구 한남동,0.7589026063680648
블루포트중앙대학교점 동작구 흑석동,0.5310031493504842
비건이레 서대문구 충현동,0.9467635869979858
비르케 강북구 우이동,0.7253208405441708
비르투앤포르투나 은평구 녹번동,0.99327951669693
비마이크림 광진구 화양동,0.7415691208508279
비미남경 강북구 송천동,0.8692658844747042
비밀군자점 광진구 능동,0.6639145016670227
비바라비다 동대문구 장안1동,0.8110122527394976
비비드칩 은평구 대조동,0.9647430641310556
비비드커피 용산구 남영동,0.7097370452351041
비스타비에 용산구 남영동,0.466002207994461
비스트로홈8587 성북구 동선동,0.7723336065516753
비아살라리아 마포구 염리동,0.4942709505558014
비에이 강서구 염창동,0.8886039197444916
비엔나커피하우스 양천구 목1동,0.796432357430458
비엔나커피하우스건대스타시티점 광진구 자양3동,0.8893134891986847
비하인드미 동대문구 회기동,0.7701994740444682
비하인드미 종로구 종로1.2.3.4가동,0.994442105293274
빅그린베이커리 중구 을지로동,0.5255042484828404
빅스트로우 종로구 가회동,0.8059971415996552
빅커피 중랑구 신내2동,0.8202374378840128
빅컵 동작구 상도1동,0.7463608738147851
빈스로드 중랑구 상봉1동,0.6987204293409983
빈스빈스 금천구 가산동,0.937156617641449
빈트리 은평구 응암2동,0.9902841647466024
빈플래토 성동구 옥수동,0.740609568119049
빌라루멘 용산구 한강로동,0.9942154288291932
빙달 종로구 혜화동,0.7979684509729084
빙프레소 본점 강서구 화곡4동,0.0656425356864929
빚은정동점 중구 소공동,0.6074934708661046
빠네뜨리과자점 서대문구 충현동,0.9
빠다상점 송파구 가락1동,0.6631079894304276
빠켱커피 송파구 삼전동,0.7869626875718435
빵굽는마을 강북구 인수동,0.9941746175289154
빵나라 중랑구 면목본동,0.8528471674237933
빵데이 강북구 삼양동,0.9
빵사랑베이커리 강서구 발산1동,0.9065481069041234
빵이가 노원구 상계1동,0.6818682874952043
빵이야기 도봉구 도봉1동,0.9270160868763924
빵이좋은사람들 강북구 송중동,0.7462381422519684
빼로베이크샵 구로구 개봉3동,0.7929413616657257
빽다방가 강북구 인수동,0.5406072590086195
빽다방가산 금천구 가산동,0.4750051021575928
빽다방가산대륭점 금천구 가산동,0.5465499620688589
빽다방강북 강북구 수유3동,0.5406072590086195
빽다방구로이앤씨6차점 구로구 구로3동,0.7779495179653168
빽다방길동역점 강동구 길동,0.9933352470397948
빽다방대림 동작구 신대방1동,0.014355182647705
빽다방마곡역류마 강서구 발산1동,0.6975273380676906
빽다방발산역플레이스점 강서구 가양1동,0.7920880556106568
빽다방보라매타운점 관악구 보라매동,0.7041780315777835
빽다방봉천역점 관악구 은천동,0.8851462870836257
빽다방수유 강북구 인수동,0.7045799034833908
빽다방신도림큐브스테이트점 구로구 신도림동,0.9911494255065918
빽다방신설동역 동대문구 신설동,0.6795294818282127
빽다방신용산해링턴점 용산구 한강로동,0.5121629039446512
빽다방안암성북천점 성북구 안암동,0.930372671286265
빽다방여의도역점 영등포구 여의동,0.9945226907730104
빽다방용답 성동구 용답동,0.9
빽다방원효용문 용산구 원효로1동,0.8364382633796106
빽다방월드점 서초구 서초4동,0.4989482998847961
빽다방제기동역점 동대문구 용두동,0.9
빽다방종로르메이에르점 종로구 종로1.2.3.4가동,0.2522750794887543
빽다방종로숭인대경점 종로구 숭인2동,0.9932159781455994
뺑드미 성동구 사근동,0.7556474462468573
쁘띠블레 관악구 낙성대동,0.7354914518197379
쁘띠크로아상 중랑구 신내1동,0.6905011872450512
쁘띠통 종로구 청운효자동,0.7092949938774109
쁘앙집 용산구 청파동,0.9607827345530192
삐읍 중랑구 중화1동,0.9931656718254088
사과당 영등포구 당산1동,0.847830501794815
사라베이커리 양천구 신정1동,0.4979906380176544
사람;정거장 서대문구 충현동,0.8476571659247081
사미커피 종로구 종로5.6가동,0.7694391856590906
사부커피 광진구 구의1동,0.994516909122467
사사커피LAB 구로구 신도림동,0.9071248122623988
사이버한국외대 동대문구 이문1동,0.8769491851329804
산로스터스 강북구 우이동,0.7214949629408247
산스 종로구 종로1.2.3.4가동,0.9515837424993516
산토리니의아침 양천구 신정1동,0.992124597231547
산토스커피 서초구 양재2동,0.6977473855018616
살구커피하우스 강남구 도곡1동,0.6955990791320801
삼구칠 구로구 신도림동,0.9943488240242004
삼양동제과점 강북구 삼각산동,0.98656804561615
삼양시장파리바게뜨 강북구 삼양동,0.7208779345387998
삼정카페 용산구 청파동,0.7091175824403763
삼층다방 강서구 가양1동,0.8370949411392212
상계동블루스 노원구 상계2동,0.2023155450820923
상계초교사거리 노원구 상계2동,0.8326285988092422
상봉파파도나스 중랑구 망우본동,0.9
상암사보이시티 마포구 상암동,0.7378175874551137
샌드림 동작구 사당2동,0.0065468549728393
샌프란시스코커피 중구 신당5동,0.8686397719383241
샐러리아 동작구 사당5동,0.984406590461731
샛강역 영등포구 여의동,0.8361942696192908
샤갈의마을 동대문구 회기동,0.4025118589401245
샬롬베이커리 노원구 상계1동,0.9716529655456544
샵커피 광진구 광장동,0.5
서남커피 양천구 신정3동,0.7105158299207688
서록다원 강북구 우이동,0.8930274486541748
서브젝트커피 동작구 상도2동,0.8709636181592941
서울강서등촌지역자활센터 강서구 발산1동,0.6383542903832027
서울대입구역8번출구 관악구 행운동,0.5540604670842489
서울에서첫번째전통찻집 종로구 종로1.2.3.4가동,0.0320812165737152
서울은마꽈배기 종로구 사직동,0.894872385263443
석란커피.엔.티 용산구 한남동,0.9936513483524324
설빙 강동구 천호2동,0.675427964755467
설빙 종로구 종로1.2.3.4가동,0.5823324179649353
설빙강남뉴코아점 서초구 반포3동,0.8657904529571534
설빙노원역점 노원구 상계2동,0.5641438955068588
설빙서울과기대점 노원구 공릉2동,0.8076641524710306
성북동사람들박앤윤 성북구 성북동,0.611909544467926
성수동밀도 성동구 성수1가2동,0.6355888110399246
세노 동대문구 장안1동,0.6263611495494843
세리나 성북구 성북동,0.5
세종에프엔비지점카페보다 영등포구 문래동,0.0047744512557983
센서리커피로스터스SensoryCoffeeRoasters 성동구 금호2.3가동,0.7480529618263245
센티멘트Sentiment 서대문구 연희동,0.9923824667930604
셀렉토커피 강서구 등촌2동,0.7584125133447869
셀렉토커피 영등포구 양평1동,0.9471693456172944
셀렉토커피방학역점 도봉구 방학1동,0.8525218299457006
셀렉토커피상도 동작구 상도2동,0.9938613772392272
셀렉토커피창동역점 도봉구 창4동,0.9849619269371032
셀피카페 강북구 수유3동,0.5
소르르 중랑구 망우본동,0.6799849021434784
소림사 용산구 한강로동,0.9462937533855438
소빈커피 서대문구 연희동,0.8622147351503372
소우주투썸플레이스방학역점 도봉구 방학1동,0.7196638013124467
소월길커피 용산구 후암동,0.8256275271177291
소티프커피 송파구 가락본동,0.6939672172069549
손 용산구 한강로동,0.8066764891147613
솔드아웃베이커리 은평구 대조동,0.0078477561473846
솔방울2 종로구 종로1.2.3.4가동,0.8097340684670667
솔비커피숍 도봉구 방학2동,0.9848292469978333
솔트24/성심크루아상 종로구 혜화동,0.8022052305936813
솔트;빵 마포구 연남동,0.9943048655986786
솔티밥 용산구 한남동,0.9
솔티스위티베이커리 강서구 등촌2동,0.5703042894601822
송파나루역DT 송파구 송파1동,0.7590302598476409
송화의카페 강동구 상일1동,0.8156754107186288
쇼와시대 광진구 화양동,0.606361311674118
수다 서대문구 홍은1동,0.7556722313165665
수박나무베이크샵 강북구 수유1동,0.9898821711540222
수베 관악구 서원동,0.9921633005142212
수유가배당 강북구 번1동,0.7347768088181814
수커피하우스 강동구 둔촌2동,0.5443761730194092
수피르 구로구 고척2동,0.6971754789352417
술탄하우스 마포구 대흥동,0.7855879127979278
숭례문전통찻집 중구 회현동,0.8197818183898926
숲 노원구 공릉2동,0.994528830051422
쉐프조부띠끄 영등포구 영등포동,0.991838419251144
쉬즈베이글 관악구 신림동,0.4802117645740509
쉬즈베이글 커피 숙대점 용산구 청파동,0.9942697286605836
쉴만한물가 송파구 석촌동,0.9678248167037964
슈가마마 강서구 등촌1동,0.7100045515940739
슈슈네가게 성동구 옥수동,0.9916992982228596
스노우플러스 도봉구 도봉2동,0.9525400674343109
스멜팅커피 영등포구 문래동,0.8186262096887754
스몰굿커피 강남구 압구정동,0.7156686663627625
스므스커피 은평구 응암1동,0.9947368502616882
스밍스튜디오 성동구 성수1가1동,0.8212193737030029
스스쿠 성북구 안암동,0.5998693019151687
스와그 강동구 명일1동,0.0279093980789184
스웨이 서대문구 연희동,0.84103125
스위치로스팅하우스 송파구 석촌동,0.9933122992515564
스윗아몬드 영등포구 여의동,0.1
스이츠 마포구 합정동,0.708079870045185
스크렘 강남구 역삼1동,0.7408658849000931
스타도로 은평구 불광2동,0.7754491961919344
스탠다드브레드cafe 강남구 압구정동,0.9824576532840728
스탠다드브루잉 금천구 가산동,0.9621049642562866
스탠딩커피 용산구 서빙고동,0.9
스텔라앤클라라 성북구 월곡1동,0.787564181536436
스튜디오공지/Studio0g 성북구 장위3동,0.8782127976417542
스튜디오스프링 은평구 진관동,0.5954355791211128
스트렝스커피 종로구 이화동,0.800793758722452
스트릿츄러스센트럴시티점 서초구 반포4동,0.4966833591461181
스페이스코르보문점 성북구 보문동,0.0055187940597534
스피릿 강서구 등촌1동,0.2548562288284302
슬로미 성북구 동선동,0.9935644745826722
슬릿 마포구 서교동,0.9453871481120586
시나본양천 양천구 신정6동,0.5
시아북카페아이파크몰 구로구 고척1동,0.625044584274292
시저지 성북구 석관동,0.8176376461982727
시즌모먼트 중랑구 상봉2동,0.633583027124405
시티카메라 용산구 보광동,0.7401043375333151
시프스 노원구 공릉1동,0.9110694924990336
식빵210 송파구 석촌동,0.7344377785921097
신라명과 양천구 신정7동,0.6948208212852478
신림마당 관악구 대학동,0.6832273542881012
신사동271 은평구 신사1동,0.9942453503608704
신사동커피집 관악구 신사동,0.7312888190150261
신설동역 동대문구 신설동,0.7076361966133118
신세계센트럴시티트웰브 중구 장충동,0.4253519740369584
신세계푸드SKT카페테리아카페 중구 명동,0.9947335720062256
신세계푸드이베이커리 동대문구 장안1동,0.6603200833002726
신촌시크릿 서대문구 신촌동,0.9943246245384216
심;심 광진구 능동,0.9469539225101472
심신프리 마포구 서교동,0.7537917402055528
심플리에스프레소바 영등포구 양평2동,0.911219358444214
십이에프 파티세리 종로구 종로1.2.3.4가동,0.7468420664469401
쌤카페 강서구 우장산동,0.7821716666221619
써니88케이크 강동구 암사2동,0.0052697658538818
쎄제르카페 성북구 성북동,0.7773644983768463
쏘리에스프레소바 종로구 사직동,0.818519575386257
쏠디아이 금천구 가산동,0.9935289025306702
쑥다방 금천구 시흥5동,0.920558528105418
씨밀레 도봉구 창1동,0.7433527043887548
씨뿔뿔 강서구 우장산동,0.993058145046234
씨제이푸드빌-뚜레쥬르 서초구 서초4동,0.622903722524643
씨키스커피 용산구 원효로2동,0.9941703379154204
아도르 강남구 논현2동,0.0045757889747619
아띠랑 광진구 중곡1동,0.9185007524490356
아르테 구로구 구로5동,0.8165469731224907
아르테 양천구 신월1동,0.6690211188793183
아마스빈 강북구 우이동,0.7934551267062917
아마스빈과기대점 노원구 공릉2동,0.9744929718971254
아마스빈목동 양천구 목1동,0.7856747860709826
아마스빈응암역점 은평구 역촌동,0.9938430488109588
아멜라떼 광진구 구의1동,0.9682317423820496
아모르버터 양천구 신정4동,0.6476982871691386
아부 종로구 종로1.2.3.4가동,0.9347506489072528
아비앙또베이커리 은평구 불광2동,0.9921025633811952
아삭이커피앤푸드 중구 광희동,0.0045916438102722
아우어베이커리청담 강남구 청담동,0.7336343399939999
아우프글렛 성동구 금호1가동,0.7445487624406815
아우프글렛 용산구 한남동,0.7356006723416003
아이도넛케어 용산구 이태원1동,0.7579805973804359
아이드라이브공차신촌연세로점 서대문구 신촌동,0.6425549117326735
아이라이크먼데이! 강남구 논현2동,0.8577885603904724
아이스빌리지독산 금천구 독산1동,0.8416763639450073
아이엠푸르트천호과일가게 강동구 성내2동,0.9930303692817688
아임카페 중구 명동,0.9467654049396514
아재커피남대문점 중구 회현동,0.0055442849795023
아지트 용산구 이태원1동,0.7348103920618693
아차산역 광진구 구의2동,0.9841215670108796
아쿠아산타서울숲카페 성동구 성수1가2동,0.9247391641139984
아티장크로아상 종로구 가회동,0.8652248942150789
아펠레스토 용산구 후암동,0.9936936974525452
아프리카커피 중랑구 신내1동,0.7989839099920714
안스베이커리주 영등포구 영등포본동,0.7395876190241646
알레그리아케이크 강동구 성내3동,0.7021464854478836
알베르 강남구 역삼1동,0.7829694759845733
알카페 광진구 중곡3동,0.5169536471366882
알페도 용산구 이태원1동,0.9409008997678756
암스트롱의달커피 광진구 광장동,0.6346626758575439
앙띠크 서초구 서초1동,0.8242885587793408
앞터 종로구 삼청동,0.9938437938690186
앤에스오피앤티앤스강동아이파크더리버점 강동구 고덕2동,0.3129430294036865
앤트러사이트커피 용산구 한남동,0.6904056537151336
앤트러사이트커피로스터스 서대문구 연희동,0.6716306328773498
앤티앤스 강서구 가양2동,0.2525866329669952
앤티앤스센트럴시티점 서초구 반포4동,0.744578732252121
앤티앤스용산아이파크몰 용산구 한강로동,0.9682948728402456
앤티앤스프레즐마포중앙도서관점 마포구 성산1동,0.719370087981224
앤티크커피Antique-coffee 송파구 송파1동,0.7709240790605546
앵커스볼링라운지 구로구 구로3동,0.7781324987411499
약령커피 동대문구 제기동,0.5706535801291466
양원커피 중랑구 망우본동,0.7041607009737115
양재시민의숲역빽다방 서초구 양재2동,0.6683910412866562
어니언컴퍼니 종로구 가회동,0.7258383625745773
어반누크 성동구 성수1가2동,0.8954689359664917
어반누크에프앤비컴퍼니 강남구 신사동,0.8889019886652628
어반테라스 강북구 수유3동,0.9912086725234984
어센틱커피 광진구 중곡2동,0.9841215550899506
어트랙트커피 관악구 은천동,0.5273402631282806
어펜드커피로스터스 중구 명동,0.8851715189218521
언니의식빵가게 용산구 원효로1동,0.7998853611946106
언더24 종로구 종로5.6가동,0.9752722549438476
언요크unyoke 마포구 서교동,0.9942864775657654
언유주얼 강북구 번1동,0.956435645421346
엄니커피과일분식 광진구 구의1동,0.9
업.사이드커피뚝섬 성동구 성수1가2동,0.8566059550300974
엉클도넛 구로구 고척2동,0.7193828476799858
에그마카슈 구로구 구로3동,0.9945333003997804
에그브라운 관악구 서원동,0.9942388534545898
에그카페24 강동구 천호2동,0.9
에르네스토 은평구 신사2동,0.9314803443303922
에르디 관악구 낙성대동,0.8758206538856029
에브어이브 동작구 상도1동,0.9108806302150092
에스쁘아커피 중랑구 망우본동,0.5
에스씨에프엔비주 중구 필동,0.9
에스토스가산디지털단지점 금천구 가산동,0.789551728963852
에스페레커피 강북구 수유1동,0.8097667319732801
에스프레소코아 용산구 한남동,0.7609638535699179
에스피엘 성동구 성수1가2동,0.6614887833595277
에슬로우커피 중구 명동,0.6322490595854245
에쏠로지 구로구 구로4동,0.6050707658131917
에이드티 성동구 성수1가2동,0.7453338205814362
에이치케이지이 동대문구 회기동,0.8672101140022278
에젤커피 성동구 성수2가3동,0.6832617378234863
에코티앤엘 송파구 마천2동,0.9
엔제리너스 영등포구 영등포본동,0.4982487082481384
엔제리너스 중구 을지로동,0.4526023089885712
엔제리너스석촌호수D/I 송파구 석촌동,0.6916607290506362
엔제리너스잠실롯데월드타워31F 송파구 잠실6동,0.4156823933124542
엘리커피 동대문구 신설동,0.7710106253623963
엘리커피 성북구 종암동,0.6814902472496033
엘마드레 성북구 성북동,0.9
엠엘메가엠지씨커피가락몰점 송파구 가락1동,0.6312338391939799
엠오리진 성북구 길음2동,0.8264526079098383
엠지엠지MGMG)엠지엠지MGMG 강동구 성내3동,0.9933967590332032
여섯시오븐 중구 소공동,0.7562430799007416
여의도KBSR 영등포구 여의동,0.8347618639469147
여의도교직원공제회 영등포구 여의동,0.5336394945780436
여의도브라이튼 영등포구 여의동,0.780878957418295
연남살롱 마포구 연남동,0.7138588780164719
연신내역5번출구 은평구 대조동,0.5029195050398508
연화전통찻집 강북구 수유2동,0.9944264888763428
연희도넛 서대문구 연희동,0.6339046061038971
연희양과점 서대문구 연희동,0.7515132179627051
열매제과점 광진구 화양동,0.8484851734978813
영등포시장역 영등포구 영등포동,0.7585110831767955
영플랜츠&갤러리영 도봉구 쌍문2동,0.8803739619255067
영화인카페 관악구 인헌동,0.8533392959170871
예랑수 은평구 대조동,0.8799781433173589
옐로우크레마 강동구 성내3동,0.9921725988388062
오늘도벨카롱 동대문구 답십리1동,0.9945462644100188
오늘도커피 중랑구 중화2동,0.5
오늘의당도 관악구 미성동,0.5
오늘의밀 양천구 목1동,0.0070334672927856
오디디 마포구 서교동,0.6426304419835408
오디오시요거트 강남구 역삼1동,0.9823356668154398
오뜨르 강동구 성내2동,0.8859050595760346
오랫 종로구 사직동,0.2614667564630508
오로라베이커리 강동구 강일동,0.9923480749130248
오루베 성동구 왕십리2동,0.9940182367960612
오르소129 용산구 후암동,0.8336748844617373
오바게트 강남구 삼성2동,0.6087477326393127
오븐;비스킷 강북구 수유2동,0.9928284287452698
오븐에오분 서대문구 신촌동,0.8069680452346801
오블라토oblato 관악구 행운동,0.6116560951868694
오색케이크 영등포구 영등포본동,0.6633039176464081
오슬로우군자역 광진구 중곡1동,0.688378521975349
오슬로우커피 송파구 문정2동,0.9186570119857788
오아시스 강서구 화곡8동,0.0069867968559265
오월의밀밭 성북구 종암동,0.5710354844729105
오이칠 관악구 신림동,0.7464579194784164
오제도바 종로구 종로5.6가동,0.7980504711469014
오카페 도봉구 방학1동,0.0856743454933166
오케이크 강북구 수유3동,0.9615241646766662
오케이크 관악구 중앙동,0.9923809766769408
오타르 종로구 종로1.2.3.4가동,0.3392013609409332
오타르DDP점 중구 광희동,0.6971407822200231
오티엔피-아워온즈 용산구 한강로동,0.7400674283504486
오파티세리 은평구 역촌동,0.7854614585638047
오페뜨후암점 용산구 후암동,0.9918270528316496
오페라빈 관악구 낙성대동,0.8125917220115662
오피스오브 마포구 연남동,0.6935948942836963
온기 중구 필동,0.5208956301212311
온도차 강남구 논현2동,0.992834746837616
온리디스베이커리 마포구 망원1동,0.9537179149114168
온리밋 송파구 방이1동,0.7284487227598827
온조베이커리 양천구 신월2동,0.7605620145797729
올드몬트베이글 강남구 압구정동,0.9861379265785216
올라!하이 서초구 방배2동,0.8263369858264923
올라F&B 금천구 독산3동,0.7219254510743277
올라솔 강서구 화곡본동,0.5004919767379761
올리커피 중구 중림동,0.9
올웨이즈베이글 강서구 가양1동,0.9853043258190156
올튼 송파구 석촌동,0.6543997138738632
와니타음악감상실 성동구 성수2가3동,0.9935373763243356
와샌 마포구 공덕동,0.7078092030116491
와이낫 강북구 수유3동,0.9930004328489304
와츠폴 성동구 마장동,0.6465831597646078
와플대학상계역캠퍼스 노원구 중계4동,0.6427554885546366
와플대학신림녹두거리캠퍼스 관악구 대학동,0.8917801693081856
와플대학양천구청캠퍼스 양천구 신정7동,0.5815115471680959
와플대학정릉캠퍼스 성북구 정릉2동,0.8383897667129835
와플대학협동조합 강북구 우이동,0.7589265995555453
와플베르비에 양천구 목1동,0.7046234560012817
와플샵 관악구 인헌동,0.019996553659439
와플샵경복궁점 종로구 사직동,0.5206887884573503
왓플 성북구 동선동,0.9934383034706116
왕십리역9번출구 성동구 행당1동,0.57271207179342
외대정문 동대문구 이문1동,0.7420516788959504
요거브릭 송파구 삼전동,0.800025224685669
요거츄릅 구로구 고척1동,0.7291039274289057
요거티 강서구 화곡1동,0.9
요거프레소 성동구 사근동,0.6625277640003907
요고당 구로구 구로5동,0.3152880072593689
요고프로즌요거트 마포구 서교동,0.9161225083945456
요아정동덕여대점 성북구 월곡2동,0.9947915077209472
요커 광진구 화양동,0.802056031525135
용마커피&바 관악구 낙성대동,0.7063431391716004
우리담 강서구 공항동,0.7306349009275437
우리동네커피사랑방커피마마 중랑구 면목3.8동,0.7156686663627625
우리커피 중구 회현동,0.8893323063850402
우리커피맥주 동작구 사당1동,0.1344717741012573
우유계란 양천구 신월1동,0.9471235990524292
우주라이크커피독립문역점 종로구 무악동,0.6802626359462738
우지커피 휘경자이디센시아점 동대문구 휘경1동,0.7474659999211629
우지커피개봉현대점 구로구 개봉2동,0.561551590760549
우지커피도봉 도봉구 도봉2동,0.7642418392773332
우지커피상계백 노원구 상계6.7동,0.9941982328891754
우코 강북구 미아동,0.79541970094045
운석커피 관악구 은천동,0.958695249259472
움프 동작구 상도1동,0.8328904072443644
원데이브레드 중랑구 묵1동,0.7469485700130463
원데잇케이크 강서구 발산1동,0.9945915341377258
원슈가데이 은평구 진관동,0.7935421579413944
원제이 구로구 구로3동,0.5470128536224366
원커피숍 은평구 불광1동,0.5865127503871918
원투쓰리PCCAFE 영등포구 신길3동,0.992419421672821
원트커피 구로구 구로3동,0.796212887763977
월계이마트 노원구 월계3동,0.7593191981315612
월계트레이더스 노원구 월계3동,0.7327920913696289
웨랭커피 강서구 가양1동,0.9943155447642008
웨스트빙고 동작구 사당1동,0.7722290523846944
웨일인커피Whaleincoffee 관악구 인헌동,0.6600102818012237
위위위베이크샵 관악구 낙성대동,0.8288890520731608
위자드쏘어 중랑구 망우본동,0.9562430262565612
위티스위티 용산구 이태원1동,0.9771828949451448
위플미플 강서구 우장산동,0.7830071449279785
윙 영등포구 신길7동,0.9469957768917084
유남생 서초구 양재2동,0.8763710713386536
유어프레소 성북구 장위1동,0.0050598382949829
유엑스로스터스 양천구 신정4동,0.0438522100448608
유일한베이커리 서대문구 남가좌2동,0.8321511067842182
유주얼쿠키 용산구 한남동,0.6887245178222656
육공사 마포구 망원1동,0.7745540553331375
윤별케이크 양천구 목5동,0.9938772320747375
윤커피 중랑구 묵2동,0.9943009614944458
을지로스마일꽈배기 중구 을지로동,0.4840930998325348
을지소월 중구 을지로동,0.8390639644402724
읍천리382 관악구 신림동,0.8944071531295776
읍천리382구로 구로구 구로2동,0.5856721043586731
읍천리382노원 노원구 중계4동,0.7653695130348205
이경수과자점 강북구 수유3동,0.7979375667042202
이공커피 관악구 청룡동,0.6820150153977531
이공커피 동작구 사당4동,0.8157994210720062
이공커피 동작구 흑석동,0.6944542731557574
이공커피 양천구 목2동,0.8210141062736511
이너커피 마포구 염리동,0.9058858843950124
이너프 중랑구 면목2동,0.9
이드프랑과자점 구로구 오류1동,0.6021546224753062
이디아 서대문구 신촌동,0.6853016972541809
이디야 강동구 천호2동,0.3993460337320964
이디야 노원구 월계1동,0.6878777945041656
이디야 도봉구 창4동,0.6169898241758347
이디야 성북구 보문동,0.664750478029251
이디야 은평구 갈현1동,0.795040488243103
이디야 은평구 진관동,0.681701609983549
이디야가산리더스 금천구 가산동,0.993876576423645
이디야강남나누리 강남구 논현2동,0.8784485977888107
이디야거여역점 송파구 거여1동,0.8486209644211663
이디야구일역점 구로구 구로1동,0.6305259943008423
이디야동덕여대점 성북구 월곡2동,0.6570610298050775
이디야둔촌오륜포레온점 강동구 둔촌1동,0.7883815937572056
이디야송파 송파구 가락2동,0.7708900392055511
이디야신도림메르디앙점 구로구 신도림동,0.5497408926486969
이디야여의나루역점 영등포구 여의동,0.6757406126260758
이디야오목교대학학원점 양천구 목1동,0.5977116975784302
이디야전문대점 서대문구 홍은2동,0.8978896200656891
이디야충현교회점 강남구 역삼1동,0.7588876098394394
이디야커피 도봉구 쌍문1동,0.5688250958919525
이디야커피 성북구 정릉2동,0.6441550648981526
이디야커피 송파구 가락본동,0.7156686663627625
이디야커피 중구 필동,0.6314663185523106
이디야커피구의자양로점 광진구 구의2동,0.9841215670108796
이디야커피먹골역점 중랑구 묵2동,0.6689636033773423
이디야커피배봉초교 동대문구 장안2동,0.7611300600767136
이디야커피봉천역점 관악구 은천동,0.6516401832103729
이디야커피삼전 송파구 삼전동,0.7156686663627625
이디야커피서울한방 송파구 문정2동,0.4849214720726013
이디야커피성신여대역점 성북구 동선동,0.6977730707246429
이디야커피세종대 광진구 군자동,0.7364317595958709
이디야커피역촌진흥로점 은평구 역촌동,0.5564975156503565
이디야커피점 중랑구 상봉1동,0.7201770842075348
이디야커피창동학원가점 도봉구 창5동,0.5702838095751677
이디야커피화곡 강서구 화곡8동,0.8440462529659272
이로랑 양천구 목4동,0.7028435945510865
이루다꿈 서초구 양재1동,0.9881260395050048
이루아 용산구 한강로동,0.660237709681193
이루팜 서초구 서초4동,0.5
이루팜강북번동점 강북구 번2동,0.5874314904212952
이복근베이커리 송파구 가락본동,0.682510197410981
이안애 강남구 역삼1동,0.87698415517807
이야기 노원구 월계2동,0.7476838231086731
이오프 중구 신당5동,0.9799667000770568
이음 강북구 삼양동,0.993378520011902
이응시옷디귿 관악구 보라매동,0.4933733999729156
이즈빈 광진구 구의3동,0.9
이츠에스프레소 양천구 목1동,0.9667351245880128
이카페 동작구 신대방2동,0.9519907236099244
이히리베디히 광진구 구의2동,0.757776508548043
익스큐즈미 동작구 대방동,0.9292036255200704
인더매스마장 성동구 마장동,0.9068609911203384
인더스토리키즈스타 송파구 문정2동,0.6636104643344879
인마이룸 마포구 서교동,0.920386266708374
인사이드 송파구 문정2동,0.961906123161316
인서트 광진구 화양동,0.7699694481762972
인텔리젠시아커피서촌 종로구 사직동,0.7971094864606857
일공일커피컨테이너국제전자 서초구 서초1동,0.0641953349113464
일리터맥스용산역점 용산구 한강로동,0.908544498682022
일소뇨 양천구 목2동,0.7365927129983902
일이일 성북구 월곡1동,0.5458980739116669
잃어버린시간 마포구 대흥동,0.5977893137931825
임금님꽈배기 중랑구 상봉2동,0.500230997800827
임세츨링 양천구 신정2동,0.7227269263828502
잇츄베이크 동작구 사당1동,0.2130913496017456
자모크 용산구 한강로동,0.0098316669464111
자모크커피 강북구 수유3동,0.7468239367008209
자문밖커피문 종로구 부암동,0.994261622428894
자원순환환장사회적협동조합 강북구 수유1동,0.9903764128684998
자작나무이야기 종로구 삼청동,0.8267855912446975
작은지구 중랑구 중화2동,0.9
장안퍼펙트 동대문구 장안1동,0.8066671380356176
잼잼카페스템커피 용산구 한강로동,0.6027129352092743
쟝블랑제리이수역 동작구 사당1동,0.704150829911232
전광수커피하우스정동점 중구 소공동,0.9938910782337188
전통다원 종로구 종로1.2.3.4가동,0.8273045414686203
전통쌍화&커피 강북구 우이동,0.7156686663627625
정 마포구 상암동,0.6996460437774659
정감부엌 동작구 상도4동,0.5
정다방 강북구 번1동,0.8152827024459839
정류소앞카페 은평구 신사2동,0.9
정부서울청사R 종로구 사직동,0.6175112625530788
정이정 성북구 종암동,0.8030897345948727
정화 동대문구 장안1동,0.9920036494731904
제너럴커피 강북구 인수동,0.9552760150697496
제이스커피 동작구 사당5동,0.5396936798095704
제이앤제이카페 도봉구 방학2동,0.0062550902366638
제주스이스트센트럴 강동구 천호3동,0.789799964427948
젠트레이디 용산구 후암동,0.7966730674107869
조밀조밀 성북구 종암동,0.9690781831741332
조선커피 강남구 역삼1동,0.7113140310559954
조셉의커피나무 성북구 성북동,0.8979058796167374
조이엘케이크앤베이킹스튜디오 강북구 삼양동,0.5
종관과자점 강북구 미아동,0.7735438426335652
종로R 종로구 종로1.2.3.4가동,0.8112522333860397
종이배커피 서초구 서초3동,0.0292286276817321
줄리에타 노원구 중계4동,0.7436098337173462
중계역 노원구 상계6.7동,0.7006592750549316
중랑구청 중랑구 묵1동,0.7843298792839051
중림동주민자치위원회 중구 중림동,0.7970490587385077
쥬시&차얌홈플러스 금천구 시흥1동,0.6928300601243973
쥬씨 강서구 등촌1동,0.9375585317611694
쥬씨연희점 서대문구 연희동,0.6331196506818135
쥬씨중계 노원구 중계2.3동,0.8208965637467124
쥬오베이커리 관악구 난곡동,0.9718740423520408
지금;여기 송파구 석촌동,0.9937451660633088
지베르니 송파구 오금동,0.9612768292427064
지벨 서대문구 연희동,0.7705904471874236
지소현Roaster's커피 양천구 신정1동,0.6961913133922376
지유가오카핫초메 종로구 삼청동,0.7323603451937094
지지보드게임카페 강서구 화곡8동,0.8136174819299153
진심커피마곡역점 강서구 발산1동,0.8635982836995806
진심커피신내SKV1 중랑구 신내1동,0.4241787195205688
집생로커피 광진구 구의1동,0.9878571033477784
짙은 성동구 사근동,0.6836310863494872
차이관 서대문구 남가좌2동,0.8033878990582057
차이롯데 노원구 중계1동,0.9944695234298706
창동이마트 도봉구 창5동,0.5242382115125657
챔프커피 성동구 성수2가1동,0.845152986049652
챙스베리 서대문구 연희동,0.9944751411676408
천지커피호프 영등포구 신길1동,0.7434633834021432
천호사거리 강동구 천호2동,0.4825284707546234
청계산커피에코 서초구 양재2동,0.5947334055242867
청담카렐음악연습실 강남구 청담동,0.9435789704322816
체르보 강서구 화곡본동,0.6907230734825134
초이굽당 동작구 사당4동,0.8873709654808044
초이스커피 송파구 가락2동,0.7156686663627625
추봉베이커리 강서구 공항동,0.9944403767585754
충정타워 서대문구 충현동,0.5675614881515503
츄르케이크 동대문구 이문1동,0.0055232644081115
츄스퀘어드 강남구 역삼1동,0.9858883398550528
치팅데이 강북구 수유1동,0.9944127202033995
칠이핫도그 중구 장충동,0.1
카나나 종로구 사직동,0.9881126284599304
카메베이크 광진구 군자동,0.7915275871753693
카멜커피1 동작구 상도1동,0.6978062455044237
카세트'66 노원구 월계3동,0.9944257736206056
카우치 용산구 남영동,0.6540016780028471
카페 광진구 군자동,0.7846009790897369
카페 송파구 삼전동,0.9943309605121612
카페.김랩 동대문구 이문1동,0.9913246631622314
카페1089 양천구 신정4동,0.0065290927886962
카페1800 송파구 위례동,0.7928364557027817
카페474-1 영등포구 당산1동,0.9531282246112824
카페4월9일 영등포구 신길1동,0.985305349032084
카페6-6 마포구 합정동,0.9424421429634094
카페84 도봉구 쌍문2동,0.8580781306539264
카페;꼬망 강서구 화곡1동,0.8409824560880661
카페;무채색 노원구 상계1동,0.9881481528282166
카페;쉼표 중구 신당동,0.9941446185112
카페;아지트 노원구 월계3동,0.9946048855781556
카페Bien 동작구 노량진1동,0.7963903903961181
카페J제이 성북구 안암동,0.984572410583496
카페N214 용산구 한강로동,0.6526940596731086
카페NSW 동대문구 청량리동,0.7125002450413174
카페S프레소 성동구 왕십리도선동,0.9938044250011444
카페_곰 동작구 신대방1동,0.99233078956604
카페it수다 서초구 방배2동,0.7451006919145584
카페가다 동대문구 이문2동,0.9942584186792374
카페게이트 광진구 화양동,0.9945888519287108
카페게이트금천롯데 금천구 독산1동,0.7179554402828217
카페고요 영등포구 신길7동,0.878418621052517
카페공존 영등포구 양평2동,0.8674113830327989
카페글로리 중구 광희동,0.8483427441120147
카페깜장콩 금천구 독산2동,0.8911791563034057
카페나루 광진구 광장동,0.9
카페나루터로 서초구 잠원동,0.993497371673584
카페나르치스 은평구 구산동,0.8607432246208191
카페나무야 서대문구 충현동,0.7582601105725324
카페나우어데이즈 성북구 정릉2동,0.9177618503570556
카페내자리 관악구 청룡동,0.8105803633991041
카페네이슨 서초구 양재1동,0.8049883604049682
카페놀다 마포구 신수동,0.8517594919485204
카페뉴욕 관악구 서림동,0.7750163363085852
카페다온 양천구 신정3동,0.7119872403144837
카페다포딜 용산구 용산2가동,0.7996321378610073
카페단홍 동대문구 청량리동,0.993104875087738
카페뎀스 중구 명동,0.9883556067943572
카페동네항동점 구로구 항동,0.8884312152862549
카페드립 동대문구 휘경1동,0.6413233535630363
카페드아야 강서구 우장산동,0.8006818124983046
카페드크레프트세이브존 노원구 하계1동,0.814955085515976
카페뜨란 중랑구 중화1동,0.0110620260238647
카페라르고 동작구 사당1동,0.5002174439495557
카페라빈 용산구 원효로1동,0.9596115430196126
카페라온 강북구 송중동,0.9925166964530944
카페랏102 성동구 성수1가1동,0.9923202246427536
카페랑 송파구 가락2동,0.8619341528415679
카페레인보우 동작구 상도1동,0.686642607053121
카페로코 강남구 역삼1동,0.8285562793413798
카페리[利] 강남구 역삼2동,0.5680151156016758
카페리버스 금천구 시흥1동,0.7534508426984151
카페리브93 광진구 구의3동,0.870284229516983
카페마레 금천구 시흥2동,0.9089323043823242
카페마로우 서초구 서초3동,0.9937449157238006
카페마스트리스보트 노원구 공릉1동,0.9855231940746308
카페모닥불 동작구 상도3동,0.4977339704831441
카페모리 서대문구 홍은2동,0.7399848252534866
카페몰두 양천구 신정1동,0.5523846387863159
카페몽글하늘점 마포구 서교동,0.6641792456309
카페몽뜨로얄 양천구 신정2동,0.7166876196861267
카페문 도봉구 창2동,0.8506714829376766
카페문나잇 강북구 미아동,0.7686469209194183
카페미우 용산구 용문동,0.8113896136813693
카페밀크콩하계점 노원구 하계1동,0.7527629342733645
카페바우연남점 마포구 연남동,0.6696444717320529
카페베네미아사거리역점 강북구 송천동,0.7399806743082793
카페보고타 서초구 서초2동,0.6333333333333333
카페보니또 강북구 번2동,0.9905550479888916
카페보니또영등포 영등포구 신길7동,0.9866403043270112
카페봄봄가산SK 금천구 가산동,0.7025696039199829
카페봉 강북구 수유2동,0.6647429466247559
카페북아현 서대문구 충현동,0.8701849150657655
카페블리스 구로구 신도림동,0.9856744408607484
카페빈둥 노원구 월계1동,0.7698189695676168
카페사계 관악구 신사동,0.9489418148994444
카페사흘 종로구 혜화동,0.8253240123601027
카페샐 성북구 정릉4동,0.9607338984807332
카페솔솔 중랑구 신내1동,0.4808420449495315
카페쇼콜라 구로구 구로4동,0.9940381050109864
카페수 성북구 장위1동,0.4487563967704773
카페수달하다 광진구 중곡1동,0.5
카페숲 구로구 오류2동,0.5953750312328339
카페스테어스 중랑구 면목2동,0.6963411092758178
카페시벳 관악구 신원동,0.5171155134836832
카페시사 동대문구 전농1동,0.7509394646883011
카페시월 동대문구 장안1동,0.9940603375434875
카페시율 용산구 한강로동,0.7948050498962402
카페신길동 영등포구 신길1동,0.878418621052517
카페아뉴 성동구 성수1가2동,0.5
카페아띠 성북구 종암동,0.724910314877828
카페아비오 마포구 성산1동,0.8320675578771852
카페아이엠티 종로구 가회동,0.3463921469449997
카페아크 강서구 화곡2동,0.994217723608017
카페아트 중구 명동,0.9945074081420898
카페어떤설렘 마포구 망원1동,0.8440679219861825
카페어썸 금천구 가산동,0.9940454959869384
카페어텐디 동대문구 용두동,0.9945855736732484
카페에셀 용산구 효창동,0.7963566184043884
카페에피톤 성동구 사근동,0.0058430433273315
카페여기 관악구 대학동,0.7929126317302386
카페여유;로그 금천구 가산동,0.9931809306144714
카페오알 강서구 염창동,0.7318838000297546
카페와바 광진구 군자동,0.9945409893989564
카페요아정 서대문구 신촌동,0.7483565017580986
카페요아정경희대점 동대문구 회기동,0.5
카페요아정상도역점 동작구 상도2동,0.0583891570568084
카페요아정신도림역점 영등포구 도림동,0.9675592184066772
카페요아정한남점 용산구 한남동,0.9928547739982604
카페원두마크CAFEWONDUMARK 은평구 신사2동,0.7772460287267511
카페위로;한모금 성북구 삼선동,0.4724810123443603
카페위한 양천구 목2동,0.9
카페이루 관악구 남현동,0.7240248220307487
카페이루동작점 동작구 신대방2동,0.7240245651631129
카페이응 강동구 명일1동,0.7936578691005707
카페인금나래점 금천구 독산1동,0.7313383775949478
카페인중독 서초구 방배4동,0.4523320615291595
카페일기 관악구 대학동,0.7454099357128143
카페일마지오서울북부지방 도봉구 도봉2동,0.8011824667453766
카페주제 관악구 은천동,0.9857027729352316
카페지디 마포구 아현동,0.5932302419955914
카페차이롯데몰 은평구 진관동,0.7156686663627625
카페찬 도봉구 창3동,0.9932396411895752
카페첼리스타 강남구 논현2동,0.7744422145187855
카페총각 중구 신당동,0.2554901391267776
카페카작 동작구 상도4동,0.6280007143815358
카페칼리스타 구로구 구로3동,0.89750075340271
카페커피 중랑구 면목4동,0.6708126068115234
카페콤피 송파구 잠실6동,0.7544783793389798
카페쿠모 은평구 역촌동,0.7702579885721207
카페클라츠 성북구 동선동,0.7660854146594093
카페탱크6 마포구 성산2동,0.6600222949981689
카페테바 서대문구 충현동,0.7460797727108002
카페토브 중랑구 묵1동,0.7940436780452728
카페통 종로구 종로1.2.3.4가동,0.7925332684516907
카페투샷 강서구 염창동,0.7998807907104492
카페트램 송파구 위례동,0.8761161744594574
카페트레블 종로구 이화동,0.8257757774591445
카페파이나무 강동구 명일2동,0.8134766943314496
카페포레누아 도봉구 방학2동,0.8372085988521576
카페포제 성동구 성수2가3동,0.6925781852006913
카페프리헷동덕여대점 성북구 월곡2동,0.7868118309974671
카페프리헷번동점 강북구 번3동,0.7473233640193939
카페플레어비롯데백화점 동대문구 전농1동,0.1087737083435058
카페피어 은평구 신사1동,0.9
카페피울 중랑구 신내1동,0.9922631978988647
카페하임 마포구 망원2동,0.4213075439135234
카페홈즈영등포아이비밸리점 영등포구 영등포동,0.006326675415039
카페히릿 광진구 화양동,0.7497425818443298
카페힐 서초구 잠원동,0.7968912700812022
칼도에스프레소바 강서구 가양1동,0.8935581326484681
칼디 강동구 성내3동,0.0050532221794128
캠퍼스 송파구 거여1동,0.6779049128293991
캠프나인커피 광진구 화양동,0.0048949718475341
캡틴호두 은평구 녹번동,0.9
커농커피 성동구 사근동,0.969998061656952
커스텀요거트 동작구 흑석동,0.9915350675582886
커스텀커피 강남구 압구정동,0.0047153830528259
커플랜트 마포구 연남동,0.7983008444309234
커피 종로구 종로5.6가동,0.8947633862495422
커피1984 강서구 등촌1동,0.9
커피910 강북구 삼양동,0.9545056557655334
커피가게 동대문구 청량리동,0.7301181375980377
커피꿈다락 서초구 방배4동,0.8447422786192461
커피나빙수 은평구 신사2동,0.6466865976651509
커피나인 영등포구 여의동,0.7758001732826233
커피나인가락시장역 송파구 가락본동,0.991800844669342
커피나인남부터미널 서초구 서초3동,0.9945651590824128
커피니 동대문구 용두동,0.5
커피더호랑이 서초구 서초2동,0.753249567747116
커피랑차랑 강남구 삼성2동,0.7599811947345734
커피랩스로스터리문래하우스디점 영등포구 문래동,0.8528619368197554
커피림 양천구 신정4동,0.968468463420868
커피마당 성동구 용답동,0.9915688633918762
커피마마 관악구 대학동,0.9
커피마마 중랑구 중화2동,0.7883674277199639
커피마마퀸 마포구 도화동,0.6973270297050476
커피마지 중랑구 신내2동,0.7054626206556955
커피마켓 광진구 화양동,0.6740414369106292
커피바실리아 강북구 우이동,0.9922437071800232
커피배우다 도봉구 쌍문1동,0.868099502956166
커피버넷 관악구 인헌동,0.8566842530712937
커피베이 구로구 구로3동,0.7545744371414185
커피베이구로동점 구로구 구로2동,0.9
커피별녹색잔 양천구 신정4동,0.8607693719863891
커피보급수혈 도봉구 창5동,0.8028466614087423
커피볶는김여사간호대점 서대문구 홍제3동,0.9837124943733216
커피볶는아침 광진구 구의1동,0.7156686663627625
커피블루스 서초구 양재1동,0.7373370262709531
커피빈국기원사거리점 강남구 역삼1동,0.8272608429193496
커피빈남부터미널역점 서초구 서초3동,0.6686260482072831
커피빈브라이튼 영등포구 여의동,0.9782235026359558
커피빈삼성봉은사로점 강남구 삼성1동,0.9940705120563508
커피빈상봉엔터식스점 중랑구 상봉1동,0.0546800216039021
커피빈상봉역점 중랑구 상봉1동,0.745273263218962
커피빈순화점 중구 소공동,0.6732849940861741
커피빈양천향교역점 강서구 가양1동,0.6727213953670702
커피빈오목교역사거리점 양천구 목1동,0.6349912928342819
커피빈중계동은행사거리점 노원구 중계1동,0.4686705609162648
커피빈차병원점 강남구 역삼1동,0.6618943957649932
커피빈청계천을지로점 중구 명동,0.7893182039260864
커피빈코리아양재스포 서초구 양재1동,0.5838902504444122
커피빈테헤란로하이닉스뒷점 강남구 대치4동,0.7231393611431122
커피빈하나은행을지로 중구 명동,0.634432452917099
커피빈현대자동차여의도점 영등포구 여의동,0.7202897906303406
커피빌리지 동작구 사당4동,0.6638340751330057
커피사피엔스가산대륭2 금천구 가산동,0.7188362394060407
커피사피엔스누리꿈스퀘어 마포구 상암동,0.6922613779703776
커피사피엔스에이스비즈포레점 금천구 가산동,0.4812858700752258
커피산책 중랑구 망우3동,0.9
커피상점 동대문구 장안2동,0.7930008769035339
커피상회 동대문구 청량리동,0.0536700665950775
커피소사이어티 동작구 사당3동,0.9686580896377563
커피썸 광진구 자양4동,0.7889662325382233
커피아카이브CoffeeArchive 송파구 석촌동,0.99334254860878
커피안주 양천구 신정4동,0.9013824045658112
커피앤 은평구 녹번동,0.726900954246521
커피앤드알코올 강북구 우이동,0.6978913605213165
커피앤드힐 도봉구 도봉2동,0.9919877052307128
커피앤스위트 금천구 독산4동,0.0049576759338378
커피앤쥬스 동대문구 장안1동,0.9920036494731904
커피야석촌호수길 송파구 석촌동,0.9878082871437072
커피에반젤린 양천구 신월5동,0.9034305214881896
커피에반하다 도봉구 창4동,0.9620749950408936
커피에반하다 양천구 신월1동,0.7840577046076457
커피에반하다강일역점 강동구 강일동,0.7156686663627625
커피에반하다당곡 관악구 보라매동,0.8048382014036178
커피에반하다돌곶이역점 성북구 석관동,0.6489678621292114
커피에반하다신 양천구 신정2동,0.9921908974647522
커피에반하다역삼디오빌점 강남구 역삼2동,0.7156686663627625
커피인더스터디투 동작구 노량진1동,0.992335069179535
커피인데프 강동구 성내1동,0.8799611035146212
커피인동 양천구 목3동,0.78258200776577
커피조중계은행 노원구 중계본동,0.8908546209335327
커피퀘스트_서울 영등포구 여의동,0.9471912503242492
커피탕 중랑구 면목4동,0.6669696241617202
커피퍼센트&대단한요거트 신림점 관악구 조원동,0.9873150984446208
커피플래닛 관악구 미성동,0.0111889839172363
커피피플 은평구 갈현2동,0.9496576560868156
커피하랑 마포구 상암동,0.9445666766166688
커피하우스 마포구 성산1동,0.9936339855194092
커피하이 동대문구 회기동,0.7291677372796196
커피학 도봉구 쌍문2동,0.994473397731781
커핀그루나루오금공원 송파구 오금동,0.648710267411338
컬쳐커피 영등포구 여의동,0.98972487449646
컴포즈 금천구 독산1동,0.9885566234588624
컴포즈마포성산점 마포구 성산1동,0.6927603574360118
컴포즈반포삼호가든점 서초구 반포4동,0.5487693190574646
컴포즈석관 성북구 석관동,0.6347323390570554
컴포즈양천신곡점 양천구 신월6동,0.990461528301239
컴포즈커피 공릉2동점 노원구 공릉2동,0.4662453308701515
컴포즈커피 금천구 독산4동,0.9945924878120422
컴포즈커피 서대문구 홍은1동,0.7437903692324955
컴포즈커피가산 금천구 가산동,0.7
컴포즈커피강서세무서점 강서구 공항동,0.6966992404725816
컴포즈커피개포 강남구 개포3동,0.5671867054700852
컴포즈커피곰달래 양천구 신월1동,0.334145466486613
컴포즈커피관악신사교차로점 관악구 조원동,0.120295226573944
컴포즈커피광진 광진구 구의2동,0.9841215550899506
컴포즈커피구로한영시티점 구로구 구로3동,0.0059906244277954
컴포즈커피구일역점 구로구 구로1동,0.9939252734184264
컴포즈커피길음뉴타운점 성북구 길음1동,0.7427172660827637
컴포즈커피노량진점 동작구 노량진1동,0.6624434987703959
컴포즈커피녹번점 은평구 녹번동,0.2624301612377167
컴포즈커피답십리래미안점 동대문구 답십리1동,0.9720503687858582
컴포즈커피당산한강포스빌점 영등포구 당산2동,0.9863027930259703
컴포즈커피동덕여대점 성북구 월곡2동,0.9653062025705972
컴포즈커피마포성산 마포구 성산2동,0.6919826719495985
컴포즈커피목동사랑 양천구 목4동,0.7941173315048218
컴포즈커피목동중앙하이츠점 양천구 신정4동,0.7915301397442818
컴포즈커피방학도깨비 도봉구 방학2동,0.0047202110290527
컴포즈커피방학선덕점 도봉구 쌍문4동,0.4996208548545837
컴포즈커피봉일 관악구 은천동,0.7231224313378334
컴포즈커피삼양솔매점 강북구 송천동,0.2204084396362304
컴포즈커피서울 성동구 사근동,0.5990934903805072
컴포즈커피시흥은행나무점 금천구 시흥5동,0.4540076076984405
컴포즈커피신림 관악구 미성동,0.7160859725692056
컴포즈커피신림대학점 관악구 대학동,0.5798680931329727
컴포즈커피안암성북천점 성북구 안암동,0.5957665099817163
컴포즈커피영등포시장역점 영등포구 영등포동,0.2442184090614318
컴포즈커피중랑면목역점 중랑구 면목본동,0.8065946380297343
컴포즈커피청량리청과물점 동대문구 전농1동,0.0634028315544128
컴포즈커피하계타운점 노원구 하계1동,0.5068740129470826
컴폴커피 강북구 번2동,0.9100310100449456
컵희 종로구 평창동,0.9917351603507996
케머스정동그집 중구 소공동,0.6443599436018201
케시의커피 영등포구 양평1동,0.8148165792226791
케익다방 성동구 성수2가3동,0.9943288445472718
케익하우스밀레 금천구 독산3동,0.6785237121582031
코끼리베이글성수 성동구 성수2가3동,0.7853821563720703
코너칼럼 강동구 성내3동,0.7216842019557953
코드101 관악구 보라매동,0.8473054826259613
코빈즈커피서울 관악구 낙성대동,0.8894340199051481
코아시스 용산구 이태원1동,0.9863592485586802
코유커피 양천구 신정4동,0.987727165222168
코이 강북구 인수동,0.844537011384964
코지휴 강동구 상일1동,0.7450051605701447
코코버블티명동 중구 명동,0.7534814357757569
코코커피앤샌드위치 동대문구 용두동,0.8597019910812378
코코플래닛 성동구 성수2가3동,0.0122790932655334
코코호도 노원구 상계6.7동,0.4079352895418802
코코호도 송파구 위례동,0.6322885433832804
코코호도 영등포구 문래동,0.6681067204475403
코코호도쌍문점 도봉구 쌍문2동,0.6391328175862631
콘스랄라 양천구 신정7동,0.7171600472927093
콘하스상도점 동작구 상도1동,0.5310451110204061
콩당콩당 송파구 잠실7동,0.8093226858547756
콰이어커피 서초구 서초3동,0.7360252059996129
쿠아레비구산 은평구 구산동,0.915287482076221
쿠운 서초구 반포1동,0.9667922298113506
쿠카쿠 송파구 문정2동,0.7140249085426331
퀸타일아저씨 성동구 왕십리도선동,0.9
크러스트 서초구 서초4동,0.5031345983346304
크로플스루 동작구 사당1동,0.947288703918457
크림베이글 광진구 화양동,0.9943445920944214
크림앤버터 강북구 우이동,0.747163325548172
클럽포틀락 도봉구 쌍문1동,0.9690899457250324
클로디아 구로구 구로3동,0.6919270708010747
클로리스삼성 강남구 삼성1동,0.6377423104250207
클로버베이커리(cloverBakery 마포구 망원2동,0.994266927242279
키다리아저씨 성북구 석관동,0.6368547168644992
키쉬미뇽 강남구 수서동,0.9921504110097884
키웨스트커피 성북구 정릉4동,0.6781070333719253
키이유 강동구 성내1동,0.9939484894275664
키친보리에 성동구 왕십리도선동,0.6690609345833461
킨폭스커피 성북구 정릉3동,0.8332126110792161
킷사고구마 영등포구 문래동,0.8623147904872894
킹스커피 구로구 구로3동,0.7156686663627625
킹콩 서초구 잠원동,0.7782993401090305
킹콩샐러드&디저트카페 양천구 신월7동,0.9942569136619568
타래퀸 광진구 군자동,0.9841215550899506
타래퀸 노원구 상계2동,0.9815017580986024
타로카페드뷔시산장 성동구 사근동,0.8760836364930136
타미 종로구 이화동,0.8227908746401469
타셋커피로스터스 마포구 상암동,0.97296205163002
타자기 용산구 용산2가동,0.7234537748403328
탐앤탐스송파위례우성르보아점 송파구 위례동,0.489890992641449
탐앤탐스시립대로미디어점 동대문구 전농1동,0.5440369400713179
탐앤탐스어린이대공원역점 광진구 군자동,0.7360059916973114
탐앤탐스중랑 중랑구 신내1동,0.6915656028522386
태린 송파구 잠실3동,0.8981878161430359
태을커피 종로구 종로1.2.3.4가동,0.7113873935937882
터치183 송파구 방이1동,0.8266948724494261
테르테르 강동구 고덕1동,0.8020509165876052
테이블1629 관악구 청룡동,0.7642853631973268
테이크아웃 종로구 숭인2동,0.9461538314819335
테이큰커피 광진구 화양동,0.6634472581056449
텐퍼센트스페셜티커피서초역점 서초구 서초3동,0.4968381226062774
텐퍼센트커피 마포구 상암동,0.9
텐퍼센트커피 성북구 돈암1동,0.2770769447088241
텐퍼센트커피가산W 금천구 가산동,0.9944235682487488
텐퍼센트커피방이역점 송파구 방이1동,0.7156686663627625
템포커피하계점 노원구 하계1동,0.8466533780097961
토그윗 도봉구 쌍문2동,0.7973822355270386
토리네제과점 양천구 신정4동,0.9347112894058228
토스피아 노원구 월계2동,0.0241069197654724
토시코 영등포구 문래동,0.7525708079338074
토프레소 구로구 개봉2동,0.7179360198974609
토프레소마장역점 성동구 마장동,0.8119965444292342
투도어 서대문구 신촌동,0.0047097206115722
투썸플레이스 강동구 천호2동,0.8068268597126007
투썸플레이스 광진구 자양3동,0.6796626628637314
투썸플레이스 금천구 시흥1동,0.5535900074243546
투썸플레이스 동대문구 답십리2동,0.6465484338998795
투썸플레이스 서대문구 북가좌1동,0.7359668172597885
투썸플레이스 서대문구 신촌동,0.6107918083667755
투썸플레이스 양천구 신정3동,0.8000307142734527
투썸플레이스 중랑구 면목3.8동,0.7656716648737589
투썸플레이스 홍제삼거리점 서대문구 홍제1동,0.6875765749386379
투썸플레이스강남도산점 강남구 압구정동,0.643180405497551
투썸플레이스강동역점 강동구 천호3동,0.7084845221042633
투썸플레이스구로구청 구로구 구로2동,0.6538438711166381
투썸플레이스굽은다리역점 강동구 천호1동,0.5665381876728203
투썸플레이스답십리사거리 동대문구 답십리1동,0.6003765076398849
투썸플레이스미아 강북구 삼각산동,0.7422900676727295
투썸플레이스북한산우이역점 강북구 우이동,0.7601681928634644
투썸플레이스서대문역바비엥점 중구 소공동,0.6960258104801178
투썸플레이스서소문점 중구 소공동,0.6869258540868759
투썸플레이스세종대학교점 광진구 군자동,0.7080654869645329
투썸플레이스신촌기차역점 서대문구 신촌동,0.6845345070285181
투썸플레이스압구정로데오역점 강남구 압구정동,0.6062004417181015
투썸플레이스이태원점 용산구 이태원1동,0.7111609172821045
투썸플레이스임광빌딩점 서대문구 충현동,0.5
투썸플레이스청계산입구역점 서초구 내곡동,0.7169551652053306
투썸플레이스한양대학생복지관점 성동구 사근동,0.7321092554501124
투썸플레이스휘경점 동대문구 휘경2동,0.7159999564636585
트릿 용산구 한강로동,0.5
틈 영등포구 당산2동,0.7284438216686249
티아레나 서대문구 연희동,0.8442799572433745
티테라피 종로구 삼청동,0.8946328502893448
티테리아 송파구 잠실6동,0.7862439381448846
티톡커피 강서구 화곡1동,0.9472854471206664
티히커피 성북구 월곡1동,0.8274618784586588
파란고양이와단팥빵카페 중랑구 신내1동,0.5091938078403473
파란만잔가산한라원앤원점 금천구 가산동,0.7919026017189026
파랑베이커리 서대문구 남가좌1동,0.785482161641121
파를린베리스PARLINBERIS 광진구 구의2동,0.6638580560684204
파리바게뜨 강북구 수유2동,0.5742153763771057
파리바게뜨 구로구 구로1동,0.6719733726978302
파리바게뜨 금천구 시흥1동,0.7049389958381653
파리바게뜨 도봉구 방학3동,0.3837947607040405
파리바게뜨 서초구 양재2동,0.7961863994598388
파리바게뜨 은평구 녹번동,0.792909687757492
파리바게뜨 종로구 사직동,0.5985322535037995
파리바게뜨강동 강동구 성내1동,0.787621579170227
파리바게뜨강서 강서구 등촌1동,0.9677160382270812
파리바게뜨구로항동점 구로구 항동,0.8415076104799906
파리바게뜨굽은다리역점 강동구 명일1동,0.720448007941246
파리바게뜨금천법원단지점 금천구 시흥1동,0.7125482154929119
파리바게뜨금천시흥2동점 금천구 시흥2동,0.6677109805437235
파리바게뜨난곡 관악구 신사동,0.7101636052131652
파리바게뜨도봉점 도봉구 도봉1동,0.6884295722584666
파리바게뜨도원 용산구 용문동,0.5994599640369416
파리바게뜨독바위역 은평구 불광1동,0.6971373739449874
파리바게뜨뚝섬역점 성동구 성수1가2동,0.8577293276786804
파리바게뜨망원역 마포구 망원1동,0.6196611689669745
파리바게뜨방학 도봉구 방학2동,0.5849219281332834
파리바게뜨방학역점 도봉구 방학1동,0.5869626524600577
파리바게뜨삼성카페점 강남구 대치2동,0.0063419938087463
파리바게뜨서남 양천구 신정3동,0.6046925961971283
파리바게뜨선유도역 영등포구 양평2동,0.3677112465103467
파리바게뜨성내 강동구 성내2동,0.7099353611469269
파리바게뜨성북 성북구 삼선동,0.6484147107601166
파리바게뜨수락리버시티 노원구 상계1동,0.7240353841048021
파리바게뜨신내 중랑구 신내1동,0.4988581418991089
파리바게뜨신내 중랑구 신내2동,0.8912381529808044
파리바게뜨용마산역점 중랑구 면목4동,0.5956255634625752
파리바게뜨은평 은평구 신사2동,0.4148427724838257
파리바게뜨점 강서구 가양1동,0.7634766221046447
파리바게뜨창동 도봉구 창5동,0.688266464471817
파리바게뜨창동역 도봉구 창4동,0.736322862223575
파리바게뜨창동한신 도봉구 창1동,0.5082042986154557
파리바게뜨카페뚝섬유원지점 광진구 자양3동,0.7683501064777374
파리바게뜨학동역고려은단 강남구 논현2동,0.5092945992946625
파리바게뜨화곡곰달래점 강서구 화곡2동,0.6163134515285492
파리바게뜨휘경점 동대문구 휘경2동,0.7829535176677089
파리바게트 금천구 시흥1동,0.7049389958381653
파리바게트 오류역남부점 구로구 오류2동,0.5663053938320705
파리바게트갈현 은평구 갈현2동,0.8854037523269653
파리바게트강북 강북구 수유3동,0.5742153763771057
파리바게트구로엘림점 구로구 신도림동,0.5709213447570801
파리바게트금천 금천구 독산1동,0.7049389958381653
파리바게트녹번역점 은평구 녹번동,0.6427025244591085
파리바게트마포 마포구 아현동,0.653723060680648
파리바게트반포제일 서초구 반포1동,0.620950254150059
파리바게트서울대녹두점 관악구 대학동,0.7285432318846384
파리바게트역촌２호 은평구 역촌동,0.6182857440577613
파리바게트한성대역점 성북구 성북동,0.6656586789659091
파리바게트화양리점 광진구 화양동,0.7397446979175915
파리바케트 금천구 가산동,0.7466447800397873
파리바케트 금천구 독산2동,0.4972818255424499
파리크라상샌드위치주 용산구 남영동,0.8956144094467163
파리크라상여의도파크원현대 영등포구 여의동,0.4671004836757977
파리크라상파리바게뜨주 강서구 방화2동,0.6971508647266187
파리크라상파스쿠찌서울대 관악구 대학동,0.6784649258852005
파리크라상파스쿠찌센트로 서초구 서초2동,0.7217316728830337
파머스반브레드 종로구 종로1.2.3.4가동,0.9225593129793804
파미에파크R 서초구 반포4동,0.7237675893306732
파브리끄역삼GFC점 강남구 역삼1동,0.7581674668847062
파세로 동작구 대방동,0.7914073169231415
파스쿠아 영등포구 여의동,0.659985863417387
파스쿠찌소마미술관점 송파구 오륜동,0.7595166723902632
파스쿠찌용산삼각지점 용산구 한강로동,0.5462251575787863
파스쿠찌트윈시티 용산구 남영동,0.7261877424337647
파아람 서초구 방배4동,0.8134572458894629
파운드마켓 용산구 용산2가동,0.993070423603058
파운드커피 강남구 역삼1동,0.991120994091034
파자마델리 용산구 청파동,0.7106142342090607
파툼 종로구 삼청동,0.6271008224399002
파트타임커피서플라이 성동구 성수2가3동,0.9946402013301848
파티세리희주 양천구 신정2동,0.9855347871780396
파티스리까이에 마포구 합정동,0.9891152381896972
파파도나스 서초구 반포4동,0.5836083233356476
파파호두 강서구 발산1동,0.3379669189453125
판데오로 금천구 가산동,0.2589511349797249
팔공티 동작구 노량진1동,0.9533501720428468
팔팔구일 성북구 보문동,0.7132365822792053
팡딜리카페보니또장승배기점 동작구 상도2동,0.6263930678367615
팥고당에스피 중구 명동,0.5631843570116404
패드커피 서초구 양재1동,0.6338510096073151
패멩 도봉구 창1동,0.8516040980815888
팬케이크샵 용산구 이태원1동,0.874359914302826
퍼스트커피랩 송파구 문정2동,0.7156686663627625
페라 서대문구 신촌동,0.7812580369851169
페르비타 동대문구 장안2동,0.8118067188083001
페이브푸드 서초구 방배4동,0.5464901411533356
평화&인권CAFE친구 영등포구 대림3동,0.9926407933235168
포레스트커피&펍 강북구 우이동,0.805885124206543
포리듬 강남구 역삼2동,0.9
포케담다 양천구 신월5동,0.6351998632604426
폴드 동작구 노량진1동,0.6647078990936279
폴리 베이커리 마포구 합정동,0.7980672025680542
폴바셋 강남구 청담동,0.9814503908157348
폴바셋강남삼성타운점 서초구 서초2동,0.6742092776298523
폴바셋구로G밸리몰점 구로구 구로3동,0.7212180256843567
폴바셋서머셋 종로구 종로1.2.3.4가동,0.659456342458725
폼드팡베이커리 종로구 종로1.2.3.4가동,0.6951007054132574
폼드팡홈플러스 중랑구 상봉1동,0.7249648213386536
퐁당카페 강동구 명일1동,0.8536541064580282
푸가장미 송파구 잠실6동,0.8770499587059021
프라이빗플레이스 광진구 능동,0.7407701058047158
프랑세즈 동작구 흑석동,0.8102340611219406
프레이커피바 성동구 성수2가1동,0.9098973563739232
프로스퍼 동작구 대방동,0.7404206559874795
프롬바이트 성동구 성수1가2동,0.99424147605896
프롬포 성동구 성수1가2동,0.8943391919136048
프롬플랜츠 강서구 등촌2동,0.5818571050961813
프롬하츠커피롯데월드몰점 송파구 잠실6동,0.6299722790718079
프루프루 마포구 대흥동,0.8516072287445976
프리그 구로구 구로3동,0.9890885531902314
프리롤 은평구 불광1동,0.6307963008880616
프리즈커피 종로구 종로1.2.3.4가동,0.7702722907066345
프리퍼-사랑카페 서초구 서초3동,0.6981737971305847
플래터스 용산구 한강로동,0.6742740869522095
플러스82 성북구 동선동,0.4984447658061981
플럿 중랑구 면목본동,0.9305729627609252
플레이트409 은평구 역촌동,0.8304481517184864
피.알.오 구로구 구로4동,0.9
피그먼츠을지로 중구 명동,0.8618446077385994
피아커피앤알싸파김치류 영등포구 양평2동,0.9872321784496308
피유 종로구 사직동,0.8330018043518066
피카로부 강동구 성내1동,0.893358463048935
피크니크 구로구 구로5동,0.9940191507339478
피크닉 동작구 노량진1동,0.3304805954297383
핀커피 광진구 구의1동,0.6522518589383081
필즈커피 은평구 진관동,0.7014769732952119
하늘정원 강남구 수서동,0.6087709069252014
하늘카페 강북구 인수동,0.7035448396205902
하벤 강서구 화곡4동,0.5
하얀과자점 영등포구 여의동,0.6170573383569717
하우스오브바이닐연희 서대문구 연희동,0.5707585045269558
하우트제곱 성동구 성수2가1동,0.9892119693756104
하윌라 강동구 성내1동,0.9931934475898744
하이디하우스 중구 청구동,0.7942806989374295
하이어그라운드HIGHERGROUND 금천구 가산동,0.7920176446437835
하이커피 구로구 개봉1동,0.0048836469650268
하잇커피 서초구 양재2동,0.9888028204441072
한가로운오후 송파구 석촌동,0.8249938167333604
한나식빵 서대문구 남가좌2동,0.0072291493415832
한드드립 마포구 망원1동,0.9337851428985596
한스앤그래텔 용산구 한남동,0.7454262574513754
한스이화 서대문구 신촌동,0.99240003824234
한스케익 성동구 왕십리도선동,0.858766360282898
한양숭례문 중구 회현동,0.8672910779714584
할리스신촌역점 마포구 서교동,0.7839168433959667
할리스청담삼성로점 강남구 삼성2동,0.7025715981210982
할리스커피 서초구 서초3동,0.8367268174886704
할리스커피구산역점 은평구 구산동,0.598293125629425
할리스커피배명 송파구 석촌동,0.772487015363782
할리스커피여의도하나투자점 영등포구 여의동,0.6882856451272964
함께그린카페금빛공원점 금천구 시흥1동,0.9934139847755432
합정마가렛리버 마포구 합정동,0.9912005662918092
합정폴리스R 마포구 서교동,0.4999306499958038
핫브레드 노원구 공릉2동,0.9912977814674376
핫브레드 동작구 대방동,0.9912732243537904
핫브레드사가정역점 중랑구 면목3.8동,0.9871357083320618
핫브레드성신여대입구역점 성북구 동선동,0.990469217300415
핫브레드양재역점 서초구 서초2동,0.5320503503084183
항구도시연구소 성동구 옥수동,0.8628957051038743
해리스카페더테이블 노원구 중계1동,0.4882975876331329
해브어나이스데이;Haveaniceday 구로구 개봉3동,0.0131129622459411
해브커피 구로구 구로2동,0.6027129352092743
해피레시피 송파구 잠실본동,0.8246817648410797
해피해피브레드 중구 중림동,0.8038060734669368
행복한붕어빵 강동구 명일2동,0.9914935827255248
행촌7-1 종로구 교남동,0.8739351342553677
허밍벨라61 종로구 종로5.6가동,0.9864311814308168
헤이;쥬드 마포구 서교동,0.8636556582791465
헤이드카페 서대문구 홍제1동,0.9841359317302704
헤일리스커피 중구 을지로동,0.993532919883728
헨리스플랏 성동구 성수2가1동,0.9848294178644816
헬로트랜서퍼 광진구 중곡2동,0.632249042391777
헷키 서대문구 남가좌2동,0.7463354706764221
현빈옆집커피 구로구 개봉2동,0.9921485185623168
혜민당안암점 동대문구 신설동,0.7574229139548082
호랭이커피 은평구 불광2동,0.8010867953300476
호밀호두 강남구 삼성2동,0.664188802242279
호밀호두 서초구 서초3동,0.9564569166728428
호원당 강남구 압구정동,0.7137507973114648
호호베이킹 서초구 서초4동,0.6567369943857193
호호커피 도봉구 창3동,0.891808758062475
혹스턴 서대문구 연희동,0.8268413609928555
홀로 동작구 사당1동,0.3200517296791076
홀인원모바일 영등포구 도림동,0.7
홉아이 송파구 가락본동,0.6794302761554718
화성루다방 중랑구 망우본동,0.4536174952983856
화승꽈배기 도봉구 창1동,0.4511821419000625
화이트리에 동대문구 답십리1동,0.0285895466804504
화이트버튼 종로구 종로5.6가동,0.7024248957633972
화이트아떼 노원구 상계2동,0.501669446627299
후키커피 강동구 성내1동,0.5474133385552301
휴앤안 영등포구 도림동,0.900087033850806
휴온 광진구 구의1동,0.4658100306987762
흔흔랜드 용산구 한남동,0.9896129965782166
히브루스김정민점 마포구 대흥동,0.8384698295593263
히얼 서대문구 충현동,0.9933752417564392
히치케이커 강북구 수유3동,0.9937915802001952
히히베이크 도봉구 창2동,0.5
힐링사랑방 도봉구 방학2동,0.7270422632877642
